Date,TempHighF,TempLowF,DewPointHighF,DewPointLowF,HumidityHighPercent,HumidityLowPercent,SeaLevelPressureHighInches,SeaLevelPressureLowInches,VisibilityHighMiles,VisibilityLowMiles,WindHighMPH,WindGustMPH,PrecipitationSumInches,Events
2014-10-05,87,62,67.0,56.0,93.0,44.0,29.98,29.79,10.0,10.0,14.0,23.0,0,
2014-06-29,95,77,74.0,70.0,88.0,49.0,30.04,29.91,10.0,7.0,17.0,27.0,0,
2016-04-21,83,60,66.0,58.0,93.0,47.0,30.08,29.88,10.0,2.0,17.0,25.0,0.41,"Rain , Thunderstorm"
2015-08-09,103,74,61.515243902439025,50.93368902439025,100.0,29.0,30.112203647416415,29.931892097264434,9.99158377964805,7.233009708737864,13.231586940015186,21.37338403041825,0,
2014-06-25,89,71,76.0,68.0,94.0,59.0,30.07,29.92,10.0,7.233009708737864,16.0,24.0,0.49,"Fog , Rain , Thunderstorm"
2014-09-05,97,77,75.0,65.0,91.0,35.0,30.1,29.91,10.0,10.0,13.0,21.0,0.02,Rain
2015-07-28,100,77,75.0,65.0,91.0,35.0,30.0,29.86,10.0,6.0,14.0,25.0,0,
2015-12-17,68,39,37.0,23.0,79.0,28.0,30.26,29.99,10.0,10.0,14.0,25.0,0,
2015-05-01,84,55,56.0,50.0,86.0,33.0,30.07,29.98,10.0,10.0,10.0,15.0,0,
2016-11-14,82,56,62.0,55.0,100.0,48.0,30.15,30.0,10.0,7.233009708737864,9.0,16.0,0,Fog
2015-01-08,36,23,23.0,5.0,56.0,39.0,30.79,30.3,10.0,10.0,15.0,23.0,T,Rain
2015-03-12,73,52,55.0,49.0,96.0,49.0,30.19,29.99,10.0,9.0,13.0,18.0,0.02,Rain
2017-05-02,92,62,63.0,47.0,84.0,30.0,29.98,29.82,10.0,10.0,16.0,25.0,0,
2015-11-29,47,42,44.0,40.0,96.0,86.0,30.26,30.1,10.0,2.0,9.0,15.0,0.04,Rain
2014-10-20,82,63,64.0,58.0,100.0,45.0,30.08,29.98,10.0,4.0,8.0,13.0,0,
2015-03-26,70,54,65.0,33.0,93.0,31.0,30.19,29.86,10.0,2.0,20.0,29.0,0.05,Rain
2014-03-19,72,51,55.0,28.0,80.0,24.0,30.21,29.88,10.0,6.0,15.0,26.0,0,
2014-06-16,92,75,61.515243902439025,50.93368902439025,94.0,49.0,30.05,29.93,9.99158377964805,7.233009708737864,12.0,24.0,T,
2016-03-17,79,67,67.0,64.0,90.0,62.0,29.94,29.78,10.0,1.0,7.0,12.0,0.02,Rain
2014-08-17,101,79,74.0,59.0,85.0,27.0,30.02,29.84,10.0,10.0,16.0,24.0,0,
2016-10-31,86,60,69.0,58.0,100.0,44.0,30.13,29.96,10.0,7.233009708737864,12.0,17.0,0,Fog
2014-04-20,75,61,63.0,55.0,97.0,57.0,30.15,30.02,10.0,2.0,12.0,19.0,0,
2014-07-03,96,72,71.0,61.0,93.0,30.0,30.13,30.01,10.0,6.0,20.0,29.0,0.07,"Rain , Thunderstorm"
2015-03-05,47,31,32.0,18.0,89.0,33.0,30.64,30.21,10.0,2.0,20.0,33.0,0.13,"Rain , Thunderstorm"
2016-01-14,70,47,55.0,40.0,93.0,57.0,30.05,29.74,10.0,10.0,12.0,19.0,0,
2016-01-04,58,37,33.0,30.0,79.0,36.0,30.41,30.27,10.0,10.0,9.0,13.0,0,
2014-12-07,56,52,50.0,46.0,89.0,77.0,30.4,30.27,10.0,9.0,9.0,14.0,0,
2016-08-18,88,74,80.0,73.0,100.0,68.0,30.1,29.96,10.0,1.0,12.0,18.0,0.17,Rain
2016-09-13,94,74,75.0,69.0,100.0,46.0,30.03,29.89,10.0,6.0,9.0,15.0,T,Rain
2017-02-08,87,51,46.0,33.0,77.0,21.0,30.19,29.73,10.0,10.0,18.0,26.0,0,
2014-09-27,80,68,69.0,64.0,93.0,62.0,30.05,29.95,10.0,8.0,9.0,14.0,T,Rain
2017-02-16,70,40,39.0,34.0,79.0,28.0,30.2,30.0,10.0,10.0,12.0,15.0,0,
2015-11-04,78,61,68.0,59.0,100.0,64.0,30.07,29.96,10.0,5.0,13.0,20.0,T,Rain
2014-04-11,85,61,61.0,56.0,90.0,40.0,30.04,29.88,10.0,7.0,16.0,25.0,0,
2016-07-20,101,77,75.0,66.0,88.0,35.0,30.21,30.04,10.0,10.0,13.0,22.0,0,
2015-11-23,63,32,41.0,29.0,92.0,30.0,30.37,30.22,10.0,10.0,9.0,14.0,0,
2014-06-02,91,74,71.0,67.0,87.0,47.0,29.97,29.86,10.0,8.0,13.0,22.0,0,
2015-01-20,80,41,51.0,39.0,89.0,28.0,30.04,29.85,10.0,7.0,12.0,19.0,0,
2014-09-30,90,65,70.0,63.0,93.0,47.0,29.88,29.75,10.0,10.0,9.0,14.0,0,
2014-02-19,82,63,62.0,59.0,93.0,47.0,29.93,29.72,10.0,2.0,15.0,25.0,0,
2014-02-24,76,55,63.0,43.0,81.0,49.0,30.1,29.99,10.0,5.0,12.0,18.0,0,
2016-12-17,76,34,67.0,21.0,100.0,59.0,30.19,29.65,10.0,2.0,21.0,35.0,0,
2016-01-02,47,42,42.0,29.0,100.0,53.0,30.51,30.36,9.99158377964805,7.233009708737864,8.0,13.0,0.2,Rain
2016-08-09,102,79,76.0,68.0,91.0,40.0,29.94,29.8,10.0,10.0,13.0,20.0,0,
2016-09-09,95,77,75.0,71.0,94.0,49.0,30.0,29.86,10.0,10.0,13.0,20.0,0,
2017-06-20,98,76,72.0,66.0,82.0,38.0,29.98,29.84,10.0,10.0,10.0,17.0,0,
2015-01-26,74,46,43.0,32.0,61.0,25.0,30.29,30.15,10.0,10.0,10.0,17.0,0,
2014-04-15,65,39,32.0,16.0,59.0,19.0,30.38,30.15,10.0,10.0,12.0,17.0,0,
2015-05-08,79,73,75.0,70.0,93.0,82.0,29.93,29.78,10.0,1.0,13.0,19.0,0.29,"Rain , Thunderstorm"
2016-12-04,53,49,49.0,46.0,93.0,83.0,30.07,29.93,10.0,2.0,13.0,19.0,0.37,Rain
2015-02-13,70,39,44.0,32.0,79.0,37.0,30.38,30.22,10.0,10.0,10.0,15.0,0,
2017-06-23,104,78,75.0,68.0,91.0,35.0,29.88,29.68,10.0,8.0,14.0,22.0,0,
2014-01-09,70,53,60.0,50.0,93.0,66.0,30.18,30.0,10.0,7.233009708737864,12.0,19.0,0,Fog
2014-03-06,65,43,42.0,35.0,89.0,34.0,30.28,30.08,10.0,4.0,13.0,20.0,0,
2014-11-01,68,47,43.0,37.0,71.0,37.0,30.43,30.28,10.0,10.0,9.0,14.0,0,
2017-07-02,100,78,75.0,66.0,91.0,35.0,30.18,29.95,10.0,8.0,14.0,25.0,0,
2016-06-28,101,72,73.0,68.0,100.0,37.0,30.06,29.94,10.0,1.0,26.0,39.0,0.33,"Rain , Thunderstorm"
2015-06-01,88,64,66.0,63.0,93.0,46.0,30.08,29.99,10.0,9.0,8.0,12.0,0,
2016-04-30,86,66,74.0,62.0,94.0,51.0,29.81,29.56,10.0,7.233009708737864,13.0,23.0,0.92,"Fog , Rain , Thunderstorm"
2015-06-27,91,74,75.0,70.0,94.0,56.0,30.05,29.95,10.0,6.0,14.0,22.0,0.01,"Rain , Thunderstorm"
2015-11-20,77,52,61.0,49.0,93.0,40.0,30.13,29.93,10.0,10.0,12.0,17.0,0,
2015-11-28,44,39,42.0,38.0,100.0,82.0,30.28,30.19,10.0,4.0,13.0,19.0,0.25,Rain
2014-04-01,86,66,67.0,62.0,93.0,48.0,29.99,29.82,10.0,4.0,17.0,28.0,0,
2015-04-15,83,54,65.0,50.0,93.0,45.0,30.04,29.88,10.0,10.0,14.0,20.0,0,
2015-02-26,52,33,37.0,21.0,96.0,52.0,30.4,29.93,10.0,5.0,15.0,24.0,0,
2016-08-16,83,71,76.0,70.0,100.0,79.0,30.07,29.97,10.0,7.233009708737864,10.0,16.0,1.79,"Fog , Rain , Thunderstorm"
2015-07-21,97,75,73.0,66.0,94.0,38.0,29.95,29.79,10.0,8.0,13.0,19.0,0,
2016-04-09,77,58,58.0,44.0,84.0,41.0,30.16,29.99,10.0,2.0,16.0,26.0,0.02,"Rain , Thunderstorm"
2016-05-13,87,71,70.0,64.0,79.0,58.0,30.17,29.99,10.0,10.0,8.0,13.0,T,
2017-01-21,81,48,58.0,33.0,100.0,23.0,29.63,29.42,10.0,7.233009708737864,21.0,38.0,0.02,Fog
2016-03-28,75,48,46.0,40.0,71.0,31.0,30.18,29.99,10.0,10.0,10.0,18.0,0,
2017-04-12,78,61,65.0,59.0,97.0,60.0,30.22,30.1,10.0,7.0,10.0,15.0,0,
2014-06-20,91,75,73.0,67.0,88.0,50.0,30.11,29.96,10.0,9.0,13.0,19.0,0,
2016-05-26,90,68,78.0,67.0,93.0,59.0,29.98,29.73,10.0,5.0,16.0,28.0,0.52,"Rain , Thunderstorm"
2016-10-07,89,63,73.0,58.0,94.0,53.0,30.17,29.91,10.0,7.0,16.0,26.0,T,Rain
2015-05-14,87,68,74.0,66.0,100.0,65.0,30.1,29.94,10.0,1.0,15.0,24.0,0.08,Rain
2016-09-30,83,60,55.0,50.0,73.0,34.0,30.22,30.06,10.0,10.0,8.0,12.0,0,
2014-09-06,97,74,75.0,66.0,94.0,39.0,30.08,29.9,10.0,2.0,13.0,20.0,0.19,"Rain , Thunderstorm"
2017-02-09,68,43,37.0,28.0,54.0,24.0,30.38,30.19,10.0,10.0,10.0,19.0,0,
2015-09-29,94,67,66.0,62.0,87.0,38.0,29.91,29.82,10.0,10.0,10.0,17.0,0,
2015-06-05,90,69,72.0,66.0,97.0,47.0,30.08,29.95,10.0,10.0,12.0,17.0,T,
2015-12-27,73,36,69.0,33.0,93.0,84.0,29.81,29.54,10.0,1.0,21.0,33.0,1.32,"Rain , Thunderstorm"
2016-02-26,64,41,36.0,25.0,56.0,27.0,30.51,30.32,10.0,10.0,10.0,16.0,0,
2015-07-29,101,76,74.0,65.0,88.0,33.0,30.06,29.93,10.0,10.0,12.0,18.0,0,
2016-10-10,84,52,52.0,39.0,83.0,23.0,30.21,30.1,10.0,10.0,7.0,11.0,0,
2017-07-12,101,77,73.0,59.0,88.0,29.0,30.07,29.93,10.0,10.0,13.0,20.0,0,
2016-06-17,97,76,75.0,71.0,94.0,46.0,30.0,29.86,10.0,9.0,10.0,19.0,0,
2015-07-12,94,74,73.0,68.0,87.0,46.0,30.13,29.97,10.0,10.0,12.0,19.0,0,
2015-06-30,94,73,76.0,71.0,100.0,52.0,30.08,29.94,10.0,7.233009708737864,14.0,26.0,0.75,"Fog , Rain , Thunderstorm"
2016-10-26,87,64,66.0,60.0,93.0,44.0,30.18,30.04,10.0,10.0,10.0,14.0,0,
2017-07-06,100,77,74.0,63.0,88.0,31.0,30.15,29.98,10.0,10.0,12.0,20.0,0,Thunderstorm
2016-08-05,100,77,76.0,71.0,91.0,42.0,30.01,29.86,10.0,10.0,12.0,18.0,0,
2017-02-06,78,67,67.0,63.0,93.0,58.0,30.0,29.8,10.0,3.0,12.0,22.0,T,Rain
2015-10-13,94,64,73.0,28.0,79.0,10.0,30.04,29.86,10.0,10.0,12.0,20.0,0,
2015-03-30,80,64,64.0,60.0,93.0,58.0,30.18,30.03,10.0,9.0,12.0,18.0,0,
2015-02-18,66,32,34.0,25.0,89.0,22.0,30.39,30.25,10.0,10.0,13.0,18.0,0,
2015-10-23,80,71,76.0,69.0,100.0,82.0,29.94,29.82,10.0,1.0,21.0,32.0,0.43,"Rain , Thunderstorm"
2014-04-08,77,50,50.0,27.0,96.0,18.0,30.2,30.05,10.0,10.0,22.0,37.0,0,
2015-03-18,81,60,65.0,58.0,93.0,54.0,30.06,29.9,10.0,8.0,13.0,20.0,0.13,Rain
2015-12-16,63,46,39.0,25.0,53.0,27.0,30.03,29.81,10.0,10.0,15.0,26.0,0,
2015-07-05,91,76,75.0,71.0,94.0,56.0,30.08,29.91,10.0,8.0,14.0,26.0,0,
2016-02-06,60,39,41.0,25.0,79.0,28.0,30.4,30.3,10.0,10.0,15.0,29.0,0,"Rain , Thunderstorm"
2015-04-19,89,57,69.0,39.0,100.0,20.0,29.86,29.72,10.0,7.233009708737864,15.0,25.0,0,"Fog , Thunderstorm"
2016-05-16,80,67,67.0,65.0,100.0,67.0,30.02,29.82,10.0,2.0,12.0,17.0,0.26,Rain
2014-03-12,70,49,50.0,16.0,56.0,16.0,30.3,29.73,10.0,10.0,24.0,37.0,0,
2014-10-09,92,75,73.0,66.0,94.0,44.0,30.01,29.83,10.0,9.0,14.0,22.0,T,Rain
2017-01-11,80,59,63.0,57.0,93.0,51.0,30.03,29.87,10.0,9.0,16.0,29.0,0,
2016-03-21,68,35,39.0,30.0,82.0,32.0,30.47,30.24,10.0,10.0,12.0,20.0,0,
2016-03-20,64,42,32.0,25.0,62.0,25.0,30.47,30.3,10.0,10.0,15.0,23.0,0,
2014-05-03,94,58,42.0,26.0,44.0,10.0,30.06,29.95,10.0,10.0,13.0,20.0,0,
2014-07-13,100,74,71.0,62.0,93.0,33.0,30.09,29.96,10.0,10.0,13.0,17.0,0,
2014-10-28,84,65,68.0,63.0,93.0,55.0,30.06,29.89,10.0,10.0,8.0,12.0,0,
2016-01-24,70,35,52.0,31.0,82.0,40.0,30.15,29.9,10.0,10.0,14.0,24.0,0,
2014-02-15,76,42,52.0,22.0,64.0,22.0,30.17,30.01,10.0,10.0,15.0,23.0,0,
2017-02-26,72,42,64.0,33.0,93.0,60.0,30.05,29.87,10.0,9.0,12.0,18.0,T,
2016-06-08,92,70,72.0,67.0,93.0,49.0,29.93,29.84,10.0,7.0,12.0,18.0,0,
2016-09-16,95,75,74.0,68.0,94.0,44.0,30.0,29.84,10.0,10.0,9.0,12.0,0,
2017-04-08,82,56,62.0,52.0,93.0,51.0,30.09,29.89,10.0,10.0,15.0,26.0,0,
2017-01-19,71,52,55.0,50.0,100.0,57.0,29.99,29.7,10.0,10.0,12.0,18.0,T,Rain
2017-02-19,81,61,68.0,59.0,90.0,62.0,29.96,29.77,10.0,2.0,20.0,37.0,0.09,"Rain , Thunderstorm"
2014-06-06,92,73,71.0,69.0,87.0,52.0,29.97,29.83,10.0,9.0,14.0,25.0,0,
2017-07-22,103,77,74.0,61.0,88.0,27.0,29.96,29.81,10.0,10.0,13.0,22.0,0,
2017-02-28,80,69,68.0,66.0,90.0,67.0,29.96,29.81,10.0,2.0,14.0,24.0,0,
2014-04-19,78,54,56.0,52.0,93.0,43.0,30.18,30.05,10.0,4.0,13.0,19.0,0,
2014-11-27,64,42,37.0,27.0,76.0,27.0,30.56,30.37,10.0,10.0,10.0,16.0,0,
2014-05-12,82,62,76.0,61.0,94.0,79.0,29.95,29.74,10.0,7.233009708737864,18.0,26.0,2.45,"Fog , Rain , Thunderstorm"
2016-11-08,69,62,66.0,62.0,100.0,84.0,30.21,30.09,10.0,2.0,10.0,16.0,0.49,"Rain , Thunderstorm"
2016-12-03,52,49,50.0,47.0,100.0,89.0,30.04,29.86,10.0,2.0,12.0,21.0,1.29,Rain
2014-04-07,72,52,51.0,47.0,93.0,44.0,30.05,29.83,10.0,2.0,25.0,57.0,0.27,"Rain , Thunderstorm"
2016-12-07,56,39,48.0,39.0,100.0,72.0,30.26,30.04,10.0,2.0,13.0,19.0,0,
2017-01-09,71,43,55.0,35.0,89.0,49.0,30.46,30.12,10.0,10.0,15.0,27.0,0,
2014-10-19,82,65,66.0,61.0,93.0,54.0,30.12,30.0,10.0,6.0,8.0,15.0,0,
2015-06-21,86,72,78.0,70.0,100.0,70.0,30.08,29.98,10.0,7.233009708737864,17.0,29.0,0.93,"Fog , Rain , Thunderstorm"
2016-08-26,93,75,75.0,71.0,94.0,52.0,30.07,29.91,10.0,10.0,13.0,20.0,0,
2014-01-02,55,33,39.0,19.0,83.0,26.0,30.49,30.15,10.0,9.0,21.0,31.0,0,
2015-11-13,65,56,43.0,37.0,57.0,37.0,30.34,30.24,10.0,10.0,7.0,14.0,0,
2014-03-04,50,30,36.0,26.0,92.0,52.0,30.31,30.06,10.0,2.0,9.0,13.0,0.17,Rain
2014-05-29,89,66,65.0,61.0,93.0,38.0,29.89,29.79,10.0,10.0,9.0,15.0,0,
2015-12-26,78,70,70.0,68.0,93.0,76.0,29.83,29.62,10.0,5.0,21.0,31.0,0.1,Rain
2014-02-08,65,37,42.0,29.0,85.0,40.0,30.26,30.03,10.0,3.0,14.0,21.0,0,
2015-04-26,86,69,72.0,63.0,93.0,61.0,29.76,29.52,10.0,1.0,18.0,32.0,0.08,"Rain , Thunderstorm"
2014-03-18,83,47,56.0,31.0,73.0,24.0,29.83,29.67,10.0,10.0,18.0,26.0,0,
2014-08-14,98,70,68.0,56.0,73.0,27.0,30.03,29.89,10.0,10.0,9.0,16.0,0,
2016-09-28,89,65,65.0,52.0,93.0,29.0,30.09,30.01,10.0,10.0,8.0,11.0,0,
2015-12-04,63,37,43.0,35.0,92.0,39.0,30.52,30.4,10.0,10.0,9.0,13.0,0,
2016-12-25,80,68,67.0,64.0,90.0,58.0,30.01,29.85,10.0,10.0,17.0,32.0,0,
2017-05-20,84,66,71.0,65.0,93.0,61.0,29.99,29.77,10.0,1.0,15.0,23.0,1.22,"Rain , Thunderstorm"
2014-09-17,91,75,75.0,71.0,94.0,56.0,30.02,29.81,10.0,2.0,14.0,20.0,0.35,"Rain , Thunderstorm"
2015-12-10,78,51,62.0,46.0,100.0,56.0,29.93,29.76,10.0,2.0,10.0,19.0,0,
2017-06-11,93,73,70.0,62.0,87.0,36.0,29.96,29.82,10.0,10.0,13.0,21.0,0,
2014-12-06,69,55,58.0,48.0,90.0,53.0,30.38,30.19,10.0,9.0,13.0,20.0,0,
2016-11-17,82,58,66.0,54.0,100.0,47.0,29.96,29.81,10.0,1.0,15.0,26.0,0,
2014-05-01,77,52,43.0,25.0,63.0,15.0,30.19,30.01,10.0,10.0,10.0,18.0,0,
2016-04-07,85,48,51.0,41.0,86.0,23.0,30.09,29.93,10.0,10.0,9.0,19.0,0,
2015-11-21,66,41,63.0,25.0,93.0,32.0,30.37,29.91,10.0,7.0,22.0,35.0,T,
2015-08-12,105,79,69.0,66.0,55.0,31.0,30.01,29.91,10.0,10.0,13.0,20.0,0,
2014-07-07,96,73,70.0,63.0,87.0,34.0,30.01,29.91,10.0,10.0,13.0,19.0,0,
2014-05-05,92,60,59.0,44.0,90.0,32.0,30.01,29.79,10.0,10.0,16.0,27.0,0,
2014-09-02,98,78,75.0,68.0,91.0,40.0,29.97,29.84,10.0,10.0,17.0,32.0,0.01,
2016-10-28,86,61,64.0,57.0,90.0,44.0,30.23,30.09,10.0,10.0,12.0,16.0,0,
2014-10-18,86,66,69.0,60.0,90.0,44.0,30.06,29.93,10.0,5.0,9.0,12.0,0,
2015-04-30,83,50,51.0,47.0,89.0,31.0,30.05,29.92,10.0,8.0,10.0,14.0,0,
2016-12-09,46,33,26.0,16.0,56.0,34.0,30.69,30.52,10.0,10.0,12.0,18.0,0,
2015-09-18,96,75,73.0,61.0,94.0,33.0,29.96,29.79,10.0,10.0,12.0,18.0,0,
2016-01-05,56,36,40.0,32.0,85.0,51.0,30.37,30.21,10.0,10.0,9.0,12.0,T,Rain
2016-12-16,67,51,61.0,41.0,96.0,68.0,30.14,29.81,10.0,2.0,12.0,21.0,0,
2015-02-12,62,44,40.0,31.0,65.0,36.0,30.42,30.23,10.0,10.0,16.0,27.0,0,
2015-06-12,93,75,75.0,71.0,88.0,52.0,29.87,29.76,10.0,10.0,13.0,20.0,0.01,
2015-11-06,76,59,71.0,43.0,87.0,37.0,30.11,29.99,10.0,10.0,14.0,20.0,0.02,Rain
2016-02-04,59,34,28.0,19.0,75.0,23.0,30.55,30.41,10.0,10.0,8.0,12.0,0,
2015-02-08,78,58,57.0,50.0,93.0,50.0,30.0,29.81,10.0,8.0,14.0,26.0,0,
2014-09-09,97,74,73.0,65.0,87.0,38.0,29.98,29.81,10.0,10.0,13.0,20.0,0,
2014-10-27,86,62,65.0,58.0,93.0,40.0,29.94,29.81,10.0,10.0,14.0,23.0,0,
2015-10-22,82,70,74.0,67.0,100.0,69.0,30.04,29.87,10.0,2.0,16.0,25.0,0.16,Rain
2017-06-24,85,72,76.0,66.0,85.0,55.0,30.12,29.89,10.0,1.0,13.0,23.0,0.14,Rain
2016-06-02,84,68,72.0,63.0,100.0,51.0,29.94,29.82,10.0,1.0,10.0,18.0,0.36,"Rain , Thunderstorm"
2016-02-05,62,33,39.0,23.0,70.0,24.0,30.48,30.29,10.0,10.0,15.0,22.0,0,
2016-01-27,59,36,30.0,20.0,70.0,24.0,30.4,30.25,10.0,10.0,14.0,21.0,0,
2014-08-01,91,73,67.0,64.0,74.0,44.0,30.01,29.93,10.0,10.0,12.0,18.0,0,
2014-02-17,81,58,62.0,29.0,87.0,17.0,30.12,29.92,10.0,2.0,15.0,23.0,0,
2017-06-02,92,74,72.0,66.0,93.0,47.0,29.98,29.8,10.0,10.0,12.0,16.0,T,
2016-11-03,80,68,73.0,66.0,93.0,74.0,30.25,30.11,10.0,7.233009708737864,16.0,25.0,1.07,"Fog , Rain , Thunderstorm"
2015-06-15,89,74,76.0,69.0,100.0,55.0,29.98,29.84,10.0,2.0,16.0,24.0,0.19,"Rain , Thunderstorm"
2014-11-11,65,42,62.0,29.0,93.0,40.0,30.23,29.78,10.0,9.0,17.0,32.0,0,
2015-10-26,79,58,57.0,50.0,78.0,45.0,30.05,29.88,10.0,10.0,15.0,23.0,0,
2016-09-06,95,77,78.0,75.0,97.0,60.0,30.14,30.02,10.0,5.0,17.0,25.0,0.01,"Rain , Thunderstorm"
2016-02-19,81,64,62.0,56.0,81.0,45.0,30.17,30.01,10.0,10.0,16.0,28.0,0,
2015-09-26,95,68,65.0,51.0,84.0,24.0,29.99,29.86,10.0,10.0,12.0,21.0,0,
2017-05-25,94,62,70.0,52.0,76.0,34.0,29.77,29.65,10.0,10.0,17.0,29.0,0,
2014-01-17,64,43,31.0,15.0,45.0,17.0,30.37,30.21,10.0,9.0,14.0,21.0,0,
2014-06-08,90,76,72.0,64.0,87.0,46.0,29.99,29.76,10.0,5.0,16.0,27.0,T,Rain
2015-12-02,68,42,48.0,31.0,100.0,29.0,30.3,30.07,10.0,7.233009708737864,9.0,14.0,0,Fog
2017-01-17,59,48,55.0,46.0,100.0,72.0,30.19,30.03,10.0,7.233009708737864,14.0,22.0,1.57,"Fog , Rain , Thunderstorm"
2014-10-26,86,61,61.0,52.0,90.0,34.0,30.06,29.9,10.0,8.0,12.0,19.0,0,
2017-06-26,91,72,74.0,67.0,100.0,47.0,30.15,29.95,10.0,1.0,15.0,22.0,1.07,"Rain , Thunderstorm"
2014-04-26,86,68,69.0,62.0,90.0,55.0,29.87,29.64,10.0,2.0,16.0,28.0,T,Rain
2014-07-10,96,72,71.0,63.0,93.0,34.0,30.11,29.94,10.0,7.0,14.0,24.0,0,
2014-02-10,60,35,49.0,30.0,82.0,66.0,30.23,30.02,10.0,4.0,15.0,23.0,T,Rain
2015-05-17,84,66,72.0,65.0,100.0,65.0,30.05,29.8,10.0,1.0,22.0,35.0,2.6,"Rain , Thunderstorm"
2014-11-07,71,48,49.0,34.0,80.0,26.0,30.3,30.06,10.0,10.0,7.0,11.0,0,
2016-10-24,86,67,67.0,61.0,93.0,48.0,30.25,30.15,10.0,10.0,10.0,16.0,T,
2016-08-19,93,75,77.0,72.0,100.0,52.0,30.04,29.83,10.0,2.0,10.0,19.0,0.06,Rain
2014-11-21,74,62,69.0,62.0,100.0,79.0,30.12,29.99,10.0,7.233009708737864,13.0,20.0,0.33,"Fog , Rain"
2014-07-04,93,71,70.0,59.0,93.0,41.0,30.22,30.1,10.0,9.0,16.0,23.0,0,Thunderstorm
2014-10-21,83,58,61.0,46.0,93.0,28.0,30.09,29.98,10.0,6.0,10.0,16.0,0,
2017-03-27,86,70,67.0,65.0,90.0,55.0,29.92,29.78,10.0,4.0,13.0,20.0,0,
2015-12-11,79,52,65.0,51.0,100.0,58.0,29.88,29.78,10.0,7.233009708737864,14.0,23.0,0,Fog
2014-03-21,80,54,60.0,41.0,93.0,45.0,30.03,29.83,10.0,7.233009708737864,17.0,27.0,0,Fog
2015-12-21,76,54,64.0,51.0,93.0,64.0,30.01,29.88,10.0,5.0,8.0,15.0,0,
2016-07-25,102,76,76.0,69.0,94.0,37.0,29.96,29.79,10.0,2.0,21.0,33.0,0.76,"Rain , Thunderstorm"
2014-12-05,75,63,66.0,59.0,100.0,64.0,30.18,30.03,10.0,2.0,12.0,20.0,0.01,Rain
2016-08-08,100,78,75.0,68.0,91.0,39.0,29.93,29.77,10.0,10.0,10.0,20.0,0,
2016-08-30,92,73,73.0,70.0,94.0,52.0,30.04,29.9,10.0,10.0,12.0,16.0,0,
2017-01-12,81,67,65.0,59.0,87.0,52.0,30.16,29.95,10.0,7.0,14.0,26.0,0,
2014-09-15,88,69,70.0,67.0,97.0,55.0,30.13,30.02,10.0,6.0,8.0,13.0,0,
2014-05-18,85,62,61.0,57.0,93.0,40.0,30.09,29.96,10.0,8.0,16.0,24.0,0,
2014-03-11,83,56,56.0,52.0,93.0,39.0,29.93,29.58,10.0,4.0,14.0,22.0,0,
2014-12-11,67,57,59.0,55.0,97.0,73.0,30.24,30.14,10.0,2.0,9.0,16.0,0.04,Rain
2015-01-28,81,42,49.0,37.0,96.0,23.0,30.18,30.06,10.0,10.0,14.0,22.0,0,
2014-03-09,58,39,45.0,31.0,86.0,55.0,30.37,30.22,10.0,2.0,15.0,23.0,0.11,Rain
2015-08-06,102,77,73.0,65.0,85.0,33.0,30.0,29.8,10.0,10.0,13.0,22.0,0,
2015-02-02,49,33,30.0,19.0,62.0,34.0,30.43,30.28,10.0,10.0,15.0,22.0,0,
2016-03-09,71,59,67.0,57.0,100.0,84.0,29.85,29.65,10.0,1.0,15.0,27.0,2.18,"Rain , Thunderstorm"
2015-03-09,55,49,52.0,48.0,100.0,93.0,30.06,29.88,10.0,1.0,8.0,13.0,2.17,Rain
2014-01-25,70,26,38.0,22.0,85.0,20.0,30.38,30.02,10.0,8.0,8.0,14.0,0,
2017-03-01,73,54,67.0,23.0,93.0,24.0,30.29,29.86,10.0,7.0,21.0,29.0,0,
2015-09-21,95,73,71.0,53.0,87.0,26.0,30.01,29.9,9.99158377964805,7.233009708737864,12.0,16.0,0,
2016-10-19,92,75,74.0,66.0,94.0,47.0,30.01,29.87,10.0,10.0,12.0,18.0,0,
2016-02-29,77,62,61.0,57.0,93.0,50.0,30.13,29.93,10.0,10.0,13.0,22.0,0,
2016-08-15,76,71,73.0,70.0,100.0,93.0,30.06,29.94,10.0,1.0,7.0,12.0,2.35,Rain
2013-12-27,60,45,41.0,37.0,83.0,47.0,30.46,30.34,10.0,7.0,7.0,11.0,T,
2015-10-12,99,72,73.0,64.0,90.0,33.0,29.84,29.7,10.0,5.0,13.0,23.0,0,
2015-08-20,84,73,74.0,66.0,94.0,62.0,30.01,29.86,10.0,1.0,13.0,22.0,0.35,"Rain , Thunderstorm"
2016-05-05,89,59,56.0,50.0,72.0,29.0,30.07,29.95,10.0,10.0,8.0,15.0,0,
2016-11-26,70,53,56.0,47.0,83.0,55.0,30.4,30.19,10.0,10.0,7.0,9.0,0,
2016-07-23,101,78,74.0,67.0,85.0,35.0,30.02,29.82,10.0,10.0,13.0,21.0,0,
2014-02-06,32,26,17.0,13.0,58.0,49.0,30.57,30.42,10.0,10.0,15.0,23.0,0,
2017-02-12,79,66,66.0,49.0,93.0,52.0,30.19,29.98,10.0,5.0,14.0,21.0,0,
2014-07-25,96,75,73.0,66.0,87.0,39.0,30.02,29.89,10.0,10.0,12.0,18.0,0,
2016-12-27,76,62,68.0,47.0,97.0,46.0,30.27,30.14,10.0,10.0,7.0,11.0,T,
2017-01-28,61,39,37.0,21.0,82.0,22.0,30.43,30.27,10.0,10.0,14.0,22.0,T,Rain
2016-10-13,89,68,73.0,62.0,94.0,51.0,30.17,30.01,10.0,4.0,12.0,16.0,0.17,Rain
2015-03-29,84,57,60.0,50.0,93.0,40.0,30.11,29.99,10.0,10.0,17.0,28.0,0,
2016-07-02,98,76,74.0,71.0,88.0,45.0,30.05,29.88,10.0,9.0,14.0,23.0,0,
2014-03-25,69,44,46.0,31.0,93.0,28.0,30.35,30.14,10.0,7.0,15.0,22.0,0,
2015-09-02,95,71,70.0,64.0,90.0,39.0,30.08,29.89,10.0,10.0,12.0,19.0,0,
2017-06-22,99,76,72.0,64.0,74.0,33.0,29.76,29.6,10.0,10.0,10.0,17.0,0,
2014-07-11,95,71,72.0,56.0,90.0,30.0,30.15,30.03,10.0,10.0,13.0,22.0,0,
2016-12-18,37,26,18.0,10.0,58.0,38.0,30.67,30.25,10.0,10.0,21.0,35.0,0,
2016-09-22,94,70,74.0,65.0,84.0,44.0,30.0,29.88,10.0,10.0,14.0,18.0,0,
2014-08-09,100,77,74.0,62.0,88.0,31.0,30.0,29.85,10.0,10.0,13.0,18.0,0,
2017-05-24,87,56,55.0,43.0,86.0,21.0,29.95,29.7,10.0,10.0,12.0,19.0,0,
2015-10-25,64,57,58.0,55.0,100.0,78.0,30.07,29.99,10.0,3.0,17.0,31.0,0.65,Rain
2014-08-26,101,77,71.0,62.0,71.0,33.0,29.98,29.89,10.0,8.0,14.0,23.0,T,"Rain , Thunderstorm"
2015-06-03,89,67,70.0,64.0,90.0,47.0,29.98,29.85,10.0,10.0,13.0,20.0,0,
2016-01-12,66,34,39.0,29.0,89.0,27.0,30.36,30.23,10.0,10.0,10.0,16.0,0,
2014-09-14,77,64,67.0,62.0,100.0,73.0,30.23,30.1,10.0,3.0,7.0,10.0,0,
2013-12-29,64,36,49.0,28.0,92.0,60.0,30.31,29.99,10.0,4.0,17.0,24.0,0,
2015-09-22,97,70,67.0,61.0,79.0,33.0,30.04,29.94,10.0,10.0,10.0,17.0,0,
2016-09-23,93,76,77.0,72.0,94.0,52.0,30.03,29.88,10.0,2.0,14.0,20.0,0.03,Rain
2016-07-21,101,76,73.0,65.0,87.0,33.0,30.14,30.0,10.0,10.0,12.0,20.0,0,
2016-01-06,53,46,52.0,41.0,100.0,71.0,30.21,29.95,10.0,1.0,9.0,13.0,0.13,"Rain , Thunderstorm"
2015-09-13,91,63,58.0,47.0,73.0,24.0,30.09,29.95,10.0,10.0,13.0,20.0,0,
2015-04-13,87,64,70.0,54.0,100.0,34.0,29.98,29.79,10.0,2.0,13.0,19.0,0.09,"Rain , Thunderstorm"
2015-12-01,59,46,46.0,39.0,93.0,51.0,30.12,29.98,10.0,10.0,7.0,12.0,0,
2017-06-01,89,67,71.0,65.0,97.0,53.0,30.04,29.86,10.0,9.0,10.0,16.0,0,
2015-03-01,43,35,41.0,34.0,100.0,89.0,30.36,30.22,8.0,2.0,10.0,16.0,0.09,Rain
2016-09-03,92,73,74.0,69.0,94.0,52.0,29.99,29.9,10.0,5.0,10.0,17.0,T,
2017-06-29,99,75,75.0,70.0,94.0,42.0,29.91,29.77,10.0,10.0,13.0,23.0,0,
2015-04-28,65,53,59.0,47.0,84.0,64.0,30.12,29.82,10.0,10.0,17.0,26.0,0,
2014-02-21,72,41,33.0,22.0,67.0,19.0,30.21,30.03,10.0,10.0,14.0,20.0,0,
2016-09-29,86,63,62.0,50.0,87.0,34.0,30.21,30.08,10.0,10.0,12.0,21.0,0,
2016-01-15,70,48,53.0,29.0,93.0,22.0,29.87,29.71,10.0,10.0,10.0,17.0,0,
2017-03-20,85,64,65.0,53.0,87.0,39.0,30.19,30.03,10.0,10.0,13.0,21.0,0,
2017-04-16,84,69,68.0,65.0,90.0,55.0,30.06,29.95,10.0,10.0,14.0,21.0,0,
2014-10-15,88,56,51.0,40.0,72.0,20.0,30.13,29.99,10.0,10.0,9.0,16.0,0,
2015-08-25,101,77,71.0,65.0,79.0,33.0,30.06,29.97,10.0,10.0,12.0,23.0,0,
2014-05-24,86,70,70.0,66.0,97.0,61.0,30.06,29.89,10.0,7.0,15.0,23.0,T,
2015-04-22,81,67,68.0,63.0,93.0,64.0,29.95,29.81,10.0,7.0,16.0,23.0,T,
2015-08-17,98,74,71.0,64.0,87.0,35.0,29.97,29.82,10.0,9.0,12.0,17.0,0,
2015-10-01,94,69,63.0,57.0,73.0,30.0,30.08,29.93,10.0,1.0,12.0,17.0,0,
2014-06-27,91,75,74.0,70.0,88.0,49.0,29.93,29.79,10.0,8.0,17.0,32.0,T,
2014-06-28,93,78,74.0,71.0,85.0,52.0,29.97,29.83,10.0,8.0,16.0,27.0,T,
2016-03-01,81,59,62.0,35.0,87.0,36.0,30.18,29.93,10.0,10.0,16.0,28.0,0,
2016-04-27,90,62,71.0,36.0,93.0,15.0,29.78,29.55,10.0,1.0,16.0,37.0,0.54,"Rain , Thunderstorm"
2015-08-26,98,73,71.0,64.0,87.0,36.0,30.12,29.99,10.0,10.0,8.0,13.0,0,
2016-06-12,94,77,77.0,75.0,91.0,56.0,30.09,29.92,10.0,8.0,14.0,22.0,0,
2017-04-13,82,67,66.0,58.0,100.0,54.0,30.21,30.04,10.0,5.0,14.0,23.0,T,Rain
2014-01-31,80,55,59.0,51.0,86.0,42.0,29.96,29.79,10.0,9.0,14.0,25.0,0,
2014-03-30,79,45,51.0,38.0,83.0,29.0,30.22,30.01,10.0,10.0,20.0,30.0,0,
2015-04-08,79,69,69.0,65.0,90.0,71.0,30.0,29.83,10.0,6.0,16.0,29.0,T,
2015-10-02,89,67,58.0,40.0,68.0,22.0,30.06,29.88,10.0,10.0,12.0,18.0,0,
2016-09-24,97,77,76.0,72.0,94.0,49.0,30.03,29.87,10.0,4.0,15.0,23.0,0.01,"Rain , Thunderstorm"
2016-11-13,76,54,58.0,52.0,93.0,57.0,30.27,30.12,10.0,9.0,7.0,12.0,0,
2016-08-06,100,77,75.0,67.0,88.0,38.0,30.02,29.86,10.0,10.0,12.0,18.0,0,
2014-07-17,89,74,76.0,70.0,94.0,59.0,29.92,29.76,10.0,7.233009708737864,13.0,19.0,3.53,"Fog , Rain , Thunderstorm"
2014-03-14,75,49,59.0,43.0,86.0,49.0,30.11,29.95,10.0,10.0,13.0,24.0,0,
2015-11-18,72,43,45.0,39.0,93.0,35.0,29.96,29.78,10.0,10.0,9.0,15.0,0,
2014-08-28,99,76,73.0,68.0,82.0,40.0,29.97,29.81,10.0,10.0,17.0,26.0,0,
2014-03-07,67,39,50.0,36.0,86.0,44.0,30.1,29.88,10.0,5.0,16.0,22.0,0,
2014-08-06,99,76,73.0,61.0,94.0,33.0,30.06,29.86,10.0,9.0,13.0,20.0,0,
2016-10-08,86,61,63.0,57.0,90.0,48.0,30.25,30.12,10.0,10.0,9.0,16.0,0,
2015-02-22,56,37,52.0,33.0,93.0,66.0,30.41,29.95,10.0,2.0,20.0,30.0,0.02,Rain
2016-05-24,87,74,74.0,70.0,87.0,65.0,29.98,29.85,10.0,10.0,13.0,22.0,0,
2017-01-16,70,58,61.0,51.0,97.0,58.0,30.05,29.91,10.0,1.0,9.0,16.0,0.3,"Rain , Thunderstorm"
2016-09-10,93,71,75.0,64.0,94.0,41.0,30.18,29.94,10.0,2.0,18.0,31.0,0.05,Rain
2015-06-20,83,72,77.0,70.0,100.0,79.0,30.07,29.96,10.0,7.233009708737864,17.0,26.0,0.49,"Fog , Rain , Thunderstorm"
2016-11-18,79,52,68.0,31.0,90.0,34.0,30.47,29.9,10.0,10.0,17.0,29.0,T,Rain
2016-09-05,94,73,77.0,72.0,94.0,59.0,30.08,29.96,10.0,9.0,14.0,19.0,T,"Rain , Thunderstorm"
2015-09-23,94,68,69.0,53.0,90.0,26.0,30.05,29.92,10.0,9.0,10.0,15.0,0,
2015-07-17,96,76,74.0,69.0,88.0,43.0,30.02,29.84,10.0,10.0,13.0,21.0,0,
2015-03-23,80,52,59.0,51.0,100.0,45.0,30.13,29.99,10.0,6.0,9.0,14.0,0,
2015-10-15,95,63,67.0,46.0,87.0,23.0,30.13,29.99,10.0,7.0,12.0,21.0,0,
2014-07-09,98,72,72.0,57.0,90.0,27.0,30.07,29.93,10.0,8.0,14.0,23.0,0,
2015-10-27,84,58,56.0,47.0,93.0,28.0,29.94,29.74,10.0,10.0,8.0,14.0,0,
2017-06-25,90,75,74.0,67.0,87.0,47.0,30.19,30.05,10.0,7.0,13.0,19.0,0.02,Rain
2016-12-26,84,70,70.0,67.0,93.0,55.0,30.24,29.99,10.0,7.0,12.0,20.0,T,Rain
2016-03-19,62,47,49.0,28.0,72.0,31.0,30.29,30.02,10.0,10.0,18.0,29.0,0,
2016-08-29,91,73,75.0,71.0,94.0,56.0,30.05,29.89,10.0,3.0,16.0,25.0,0.06,Rain
2017-05-23,86,58,65.0,51.0,100.0,45.0,29.96,29.78,10.0,2.0,21.0,33.0,0.07,"Rain , Thunderstorm"
2016-10-18,93,75,73.0,66.0,87.0,47.0,29.91,29.8,10.0,10.0,13.0,22.0,0,
2015-01-18,72,46,34.0,26.0,53.0,20.0,30.38,30.2,10.0,10.0,10.0,15.0,0,
2015-06-02,90,67,70.0,64.0,93.0,46.0,30.03,29.89,10.0,10.0,9.0,16.0,0,
2014-07-20,94,74,76.0,70.0,93.0,52.0,30.04,29.88,10.0,7.0,12.0,18.0,0,
2015-01-29,79,52,55.0,34.0,100.0,35.0,30.39,30.12,10.0,6.0,16.0,25.0,T,
2014-08-22,103,79,74.0,59.0,85.0,25.0,30.08,29.91,10.0,10.0,15.0,23.0,0,
2015-09-10,96,72,76.0,68.0,100.0,42.0,29.98,29.81,10.0,7.233009708737864,16.0,25.0,0.79,"Fog , Rain , Thunderstorm"
2014-09-21,90,72,73.0,64.0,94.0,47.0,30.06,29.96,10.0,10.0,10.0,15.0,0,
2014-07-14,101,75,71.0,59.0,82.0,28.0,30.03,29.87,10.0,10.0,10.0,16.0,0,
2016-09-01,96,75,74.0,69.0,94.0,46.0,29.97,29.86,10.0,8.0,10.0,15.0,0,
2014-10-03,85,65,59.0,45.0,63.0,25.0,30.19,29.94,10.0,10.0,14.0,22.0,0,Thunderstorm
2015-05-21,76,62,74.0,59.0,94.0,73.0,30.13,29.94,10.0,7.0,15.0,24.0,0.02,"Rain , Thunderstorm"
2014-07-29,97,76,72.0,66.0,87.0,38.0,30.08,29.99,10.0,10.0,13.0,23.0,0,
2014-11-22,67,58,64.0,56.0,100.0,93.0,30.07,29.7,10.0,7.233009708737864,20.0,28.0,3.33,"Fog , Rain , Thunderstorm"
2014-01-24,40,26,22.0,10.0,81.0,39.0,30.76,30.4,10.0,3.0,16.0,24.0,0.05,
2014-03-16,64,48,58.0,32.0,93.0,39.0,30.07,29.7,10.0,10.0,24.0,36.0,0,
2016-09-12,93,70,73.0,67.0,93.0,47.0,30.0,29.86,10.0,10.0,10.0,15.0,0,
2014-05-26,75,64,70.0,61.0,93.0,73.0,30.09,29.94,10.0,1.0,17.0,29.0,1.56,"Rain , Thunderstorm"
2017-05-26,92,75,75.0,70.0,87.0,52.0,29.89,29.74,10.0,7.0,13.0,24.0,0,
2015-11-01,75,59,59.0,53.0,97.0,53.0,30.04,29.91,10.0,5.0,8.0,12.0,0.07,Rain
2016-10-03,87,62,64.0,59.0,90.0,42.0,29.98,29.82,10.0,9.0,10.0,14.0,0,
2015-04-25,93,70,73.0,46.0,100.0,21.0,29.83,29.65,10.0,2.0,12.0,20.0,0.04,Thunderstorm
2014-12-31,42,36,31.0,27.0,76.0,64.0,30.57,30.41,10.0,9.0,14.0,21.0,T,
2015-07-23,99,77,73.0,65.0,88.0,35.0,30.03,29.88,10.0,10.0,14.0,24.0,0,
2015-07-04,92,76,74.0,72.0,94.0,52.0,30.03,29.9,10.0,9.0,14.0,22.0,0,
2015-09-20,95,69,70.0,57.0,90.0,30.0,30.01,29.9,9.99158377964805,7.233009708737864,9.0,15.0,0,
2017-04-09,81,66,66.0,61.0,87.0,58.0,29.94,29.82,10.0,10.0,15.0,26.0,0,
2016-01-10,50,33,28.0,25.0,82.0,39.0,30.4,30.23,10.0,10.0,12.0,16.0,0,
2016-12-01,69,37,43.0,31.0,85.0,27.0,30.16,30.01,10.0,10.0,12.0,16.0,0,
2017-03-14,73,40,46.0,41.0,57.0,35.0,30.33,30.13,10.0,10.0,12.0,18.0,0,
2015-09-01,94,74,72.0,63.0,87.0,41.0,30.07,29.92,10.0,10.0,14.0,21.0,0,
2017-05-07,88,61,59.0,56.0,78.0,34.0,30.0,29.88,10.0,10.0,15.0,23.0,0,
2014-09-11,99,78,75.0,64.0,85.0,35.0,29.97,29.81,10.0,10.0,10.0,19.0,0,
2016-07-26,93,75,77.0,71.0,100.0,52.0,29.98,29.87,10.0,1.0,9.0,17.0,0.08,"Rain , Thunderstorm"
2015-07-03,91,76,74.0,69.0,88.0,49.0,30.03,29.89,10.0,7.0,12.0,19.0,T,
2017-07-04,101,78,74.0,66.0,85.0,35.0,30.07,29.86,10.0,10.0,13.0,28.0,0,
2016-01-23,57,31,32.0,27.0,85.0,36.0,30.37,30.17,10.0,10.0,8.0,12.0,0,
2015-04-16,81,67,70.0,64.0,93.0,62.0,29.98,29.82,10.0,4.0,17.0,27.0,0.01,"Rain , Thunderstorm"
2015-11-26,74,68,71.0,63.0,100.0,81.0,30.15,30.04,10.0,2.0,14.0,20.0,0.26,Rain
2014-12-03,59,48,55.0,43.0,100.0,75.0,30.23,30.14,10.0,2.0,7.0,10.0,0,
2015-09-14,90,64,68.0,51.0,79.0,27.0,30.07,29.95,10.0,10.0,12.0,17.0,0,
2015-03-19,83,63,66.0,61.0,100.0,58.0,30.0,29.88,10.0,2.0,12.0,17.0,0,
2016-07-29,96,74,75.0,69.0,91.0,43.0,30.06,29.88,10.0,10.0,9.0,17.0,0,
2016-11-20,67,35,36.0,27.0,85.0,24.0,30.48,30.21,10.0,10.0,10.0,15.0,0,
2014-11-09,74,47,45.0,40.0,86.0,31.0,30.19,29.92,10.0,10.0,8.0,13.0,0,
2016-07-16,100,76,74.0,66.0,94.0,38.0,30.07,29.91,10.0,9.0,12.0,20.0,0,
2014-05-04,91,61,42.0,32.0,37.0,16.0,30.09,29.94,10.0,10.0,14.0,23.0,0,
2017-05-22,77,61,65.0,58.0,93.0,69.0,30.1,29.89,10.0,7.0,9.0,16.0,0.02,Rain
2016-10-29,86,64,65.0,58.0,93.0,42.0,30.19,30.06,10.0,8.0,12.0,21.0,0,
2017-05-29,88,68,69.0,64.0,93.0,46.0,30.11,29.92,10.0,10.0,8.0,11.0,0,
2014-12-19,57,48,50.0,44.0,100.0,77.0,30.21,30.06,10.0,1.0,13.0,19.0,0.59,"Rain , Thunderstorm"
2013-12-31,55,36,31.0,23.0,76.0,32.0,30.49,30.27,10.0,10.0,8.0,12.0,0,
2015-04-29,77,49,48.0,41.0,93.0,29.0,30.13,29.96,10.0,10.0,12.0,19.0,0,
2016-01-26,58,43,36.0,26.0,58.0,41.0,30.32,30.06,10.0,10.0,18.0,30.0,T,Rain
2015-01-07,51,30,38.0,8.0,76.0,32.0,30.8,30.34,10.0,10.0,21.0,32.0,0,
2014-10-31,76,56,61.0,39.0,93.0,27.0,30.32,30.11,10.0,2.0,16.0,25.0,0.3,Rain
2015-01-11,49,34,45.0,33.0,100.0,80.0,30.3,30.1,10.0,2.0,8.0,13.0,0.17,Rain
2017-06-16,98,77,73.0,66.0,82.0,38.0,29.91,29.72,10.0,10.0,16.0,29.0,0,
2016-02-28,78,55,59.0,52.0,93.0,50.0,30.12,29.95,10.0,10.0,13.0,23.0,0,
2015-06-08,93,71,71.0,64.0,93.0,41.0,29.99,29.89,10.0,10.0,9.0,13.0,0,
2015-09-05,101,79,77.0,66.0,91.0,33.0,30.03,29.88,10.0,10.0,16.0,24.0,0.01,
2015-06-10,93,72,70.0,66.0,79.0,44.0,29.87,29.76,10.0,10.0,10.0,16.0,0,
2016-08-10,102,81,77.0,68.0,91.0,37.0,30.0,29.85,10.0,10.0,12.0,20.0,0,
2014-04-04,74,54,69.0,28.0,93.0,22.0,30.14,29.82,10.0,5.0,17.0,28.0,T,Rain
2015-01-15,59,38,38.0,34.0,92.0,43.0,30.4,30.29,10.0,6.0,12.0,19.0,0,
2014-12-26,74,53,63.0,48.0,100.0,66.0,29.97,29.86,10.0,3.0,12.0,21.0,0.01,Rain
2015-02-20,75,54,60.0,49.0,86.0,57.0,30.08,29.77,10.0,9.0,16.0,31.0,0,
2016-12-19,45,23,17.0,8.0,59.0,24.0,30.76,30.6,10.0,10.0,13.0,21.0,0,
2015-07-15,95,75,72.0,66.0,87.0,41.0,29.99,29.84,10.0,10.0,13.0,19.0,0,
2014-04-25,88,63,64.0,45.0,68.0,34.0,30.01,29.84,10.0,10.0,12.0,20.0,0,
2015-10-24,76,60,74.0,60.0,100.0,87.0,30.01,29.8,10.0,1.0,17.0,26.0,4.79,Rain
2017-04-10,80,71,73.0,65.0,90.0,74.0,30.05,29.89,10.0,1.0,13.0,22.0,0.1,Rain
2017-06-03,92,71,73.0,65.0,94.0,44.0,29.96,29.81,10.0,2.0,12.0,20.0,0.24,"Rain , Thunderstorm"
2015-02-03,43,40,42.0,28.0,96.0,55.0,30.36,30.21,10.0,2.0,8.0,11.0,0.26,Rain
2015-07-25,98,75,73.0,66.0,94.0,38.0,30.03,29.84,10.0,10.0,12.0,19.0,0,
2017-03-06,84,68,67.0,64.0,93.0,58.0,30.03,29.81,10.0,10.0,16.0,29.0,T,Rain
2016-03-23,82,65,65.0,59.0,87.0,54.0,29.89,29.68,10.0,7.0,15.0,27.0,0.05,
2014-05-09,86,66,71.0,58.0,87.0,50.0,29.96,29.77,10.0,1.0,20.0,39.0,T,"Rain , Thunderstorm"
2015-04-17,75,66,70.0,61.0,93.0,69.0,29.98,29.85,10.0,2.0,12.0,18.0,0.41,"Rain , Thunderstorm"
2016-09-20,99,75,75.0,65.0,94.0,38.0,30.08,29.94,10.0,10.0,10.0,17.0,0,
2014-06-04,91,74,71.0,68.0,87.0,52.0,29.93,29.79,10.0,10.0,12.0,21.0,0,
2016-06-27,96,75,75.0,68.0,87.0,42.0,30.14,29.98,10.0,10.0,8.0,15.0,0,
2014-08-04,94,72,72.0,65.0,87.0,44.0,30.06,29.92,10.0,7.0,13.0,20.0,0,
2016-10-27,88,64,67.0,58.0,93.0,43.0,30.23,30.12,10.0,10.0,9.0,14.0,0,
2014-06-19,91,76,74.0,66.0,88.0,47.0,30.05,29.94,10.0,10.0,13.0,22.0,0.01,
2014-06-30,96,77,74.0,67.0,88.0,39.0,30.03,29.86,10.0,7.0,17.0,27.0,0,
2014-12-04,66,58,65.0,55.0,100.0,87.0,30.2,30.04,10.0,1.0,12.0,16.0,0.06,Rain
2014-10-23,83,66,62.0,57.0,81.0,46.0,30.14,30.04,10.0,10.0,8.0,11.0,T,Rain
2017-01-29,70,40,34.0,28.0,65.0,22.0,30.4,30.28,10.0,10.0,14.0,22.0,0,
2016-09-21,96,75,75.0,61.0,91.0,33.0,30.08,29.94,10.0,7.0,10.0,13.0,0,
2017-02-22,87,51,49.0,40.0,71.0,24.0,29.96,29.73,10.0,10.0,10.0,15.0,0,
2016-11-21,77,44,57.0,36.0,84.0,43.0,30.19,29.99,10.0,10.0,13.0,21.0,0,
2014-12-28,47,32,34.0,26.0,92.0,49.0,30.33,30.19,10.0,7.0,14.0,21.0,0.13,Rain
2017-03-02,66,49,28.0,19.0,42.0,18.0,30.48,30.3,10.0,10.0,13.0,23.0,0,
2016-07-13,101,80,76.0,69.0,85.0,42.0,30.04,29.89,10.0,10.0,15.0,25.0,0,
2016-02-22,72,57,59.0,52.0,90.0,57.0,30.01,29.65,10.0,7.0,12.0,18.0,0,
2015-02-16,66,36,61.0,28.0,93.0,64.0,30.24,29.83,10.0,2.0,17.0,28.0,0.01,Rain
2015-08-07,101,76,73.0,66.0,88.0,33.0,29.95,29.79,10.0,10.0,13.0,22.0,0,
2016-07-04,99,80,75.0,70.0,85.0,39.0,29.98,29.85,10.0,10.0,14.0,24.0,0,
2017-02-03,53,45,37.0,31.0,61.0,53.0,30.44,30.29,10.0,10.0,13.0,21.0,T,
2014-08-20,102,78,75.0,63.0,85.0,29.0,30.0,29.83,10.0,8.0,17.0,29.0,0,
2014-01-07,48,22,29.0,4.0,68.0,17.0,30.66,30.36,10.0,10.0,13.0,22.0,0,
2015-07-31,102,78,70.0,62.0,69.0,35.0,30.01,29.88,10.0,10.0,13.0,21.0,0,
2015-03-25,84,62,63.0,59.0,93.0,51.0,29.98,29.84,10.0,10.0,16.0,27.0,0,
2016-11-24,76,46,60.0,45.0,93.0,46.0,30.26,30.12,10.0,10.0,8.0,12.0,0,
2017-03-04,59,54,57.0,39.0,100.0,44.0,30.4,30.24,10.0,2.0,13.0,18.0,0.66,Rain
2016-09-26,73,67,72.0,62.0,100.0,78.0,30.14,30.02,10.0,1.0,13.0,20.0,1.22,Rain
2016-04-03,79,44,45.0,39.0,89.0,27.0,30.26,30.08,10.0,10.0,12.0,17.0,0,
2014-07-16,95,73,74.0,68.0,93.0,43.0,30.03,29.83,10.0,1.0,15.0,22.0,0.31,"Rain , Thunderstorm"
2016-09-14,92,76,76.0,69.0,82.0,49.0,30.07,29.95,10.0,9.0,14.0,18.0,T,Rain
2015-04-06,85,65,67.0,64.0,100.0,51.0,30.01,29.86,10.0,2.0,14.0,24.0,0,
2016-01-17,57,32,35.0,30.0,89.0,41.0,30.25,30.1,10.0,10.0,12.0,18.0,0,
2014-09-22,91,70,70.0,66.0,90.0,47.0,30.12,30.01,10.0,10.0,9.0,16.0,0,
2016-11-25,66,55,60.0,49.0,97.0,77.0,30.4,30.2,10.0,6.0,10.0,14.0,0.03,Rain
2014-12-01,66,41,63.0,22.0,93.0,45.0,30.47,30.11,10.0,8.0,17.0,30.0,0,
2016-05-01,78,66,65.0,55.0,87.0,50.0,29.98,29.8,10.0,10.0,13.0,22.0,T,
2016-06-21,96,75,73.0,69.0,87.0,45.0,30.14,29.98,10.0,10.0,9.0,16.0,0,
2017-02-15,65,43,38.0,27.0,82.0,24.0,30.22,30.12,10.0,10.0,16.0,24.0,0,
2014-11-26,77,42,37.0,27.0,62.0,18.0,30.36,30.14,10.0,10.0,10.0,17.0,0,
2014-06-14,87,73,61.515243902439025,50.93368902439025,95.0,59.0,29.99,29.84,9.99158377964805,7.233009708737864,15.0,22.0,0,
2014-01-27,60,34,43.0,5.0,66.0,21.0,30.28,29.81,10.0,10.0,21.0,32.0,0.02,Rain
2014-11-06,63,55,56.0,46.0,93.0,56.0,30.35,30.22,10.0,5.0,10.0,17.0,0.04,Rain
2016-05-30,89,66,72.0,61.0,93.0,40.0,30.11,29.86,10.0,2.0,13.0,19.0,0.31,"Rain , Thunderstorm"
2016-11-19,63,41,33.0,26.0,67.0,25.0,30.63,30.48,10.0,10.0,13.0,22.0,0,
2015-02-24,37,30,34.0,26.0,92.0,76.0,30.41,30.02,10.0,2.0,9.0,15.0,0,
2015-08-15,98,79,73.0,56.0,74.0,33.0,30.04,29.88,10.0,10.0,10.0,16.0,0,Thunderstorm
2016-03-24,70,48,67.0,31.0,72.0,30.0,30.08,29.78,10.0,2.0,17.0,28.0,0.15,"Rain , Thunderstorm"
2017-02-04,51,47,52.0,36.0,100.0,54.0,30.35,30.13,10.0,1.0,9.0,12.0,0.02,Rain
2015-06-28,91,73,75.0,70.0,94.0,52.0,30.06,29.94,10.0,2.0,13.0,17.0,0.08,"Rain , Thunderstorm"
2016-05-31,82,67,75.0,67.0,100.0,69.0,29.93,29.78,10.0,1.0,14.0,22.0,1.07,"Rain , Thunderstorm"
2016-10-23,84,55,62.0,47.0,86.0,39.0,30.22,30.11,10.0,10.0,13.0,19.0,T,"Rain , Thunderstorm"
2017-05-10,83,71,70.0,66.0,90.0,62.0,29.98,29.86,10.0,7.0,14.0,23.0,T,
2017-06-19,92,76,74.0,68.0,94.0,49.0,30.03,29.82,10.0,2.0,13.0,19.0,0.01,"Rain , Thunderstorm"
2014-11-15,48,40,47.0,23.0,100.0,43.0,30.28,30.03,10.0,1.0,10.0,15.0,0.02,Rain
2015-05-30,88,70,70.0,64.0,93.0,55.0,30.07,29.94,10.0,8.0,12.0,16.0,T,"Rain , Thunderstorm"
2014-11-12,51,36,29.0,16.0,64.0,36.0,30.46,30.25,10.0,10.0,16.0,27.0,0,
2016-10-14,87,67,71.0,62.0,100.0,48.0,30.21,29.99,10.0,7.233009708737864,14.0,24.0,T,"Fog , Rain"
2016-11-12,77,57,58.0,54.0,93.0,50.0,30.28,30.17,10.0,1.0,9.0,13.0,0,
2016-07-18,99,78,75.0,68.0,91.0,39.0,30.17,30.02,10.0,10.0,14.0,23.0,0,
2017-06-27,91,71,74.0,67.0,100.0,50.0,30.05,29.9,10.0,2.0,20.0,30.0,0.01,Rain
2016-12-23,68,52,64.0,37.0,100.0,47.0,30.22,30.0,10.0,7.233009708737864,7.0,10.0,0.01,"Fog , Rain"
2016-03-15,92,67,68.0,41.0,100.0,18.0,29.92,29.72,10.0,3.0,12.0,20.0,0,
2014-02-18,82,55,63.0,32.0,78.0,32.0,30.1,29.89,10.0,9.0,13.0,20.0,0,
2014-01-03,58,28,37.0,18.0,75.0,22.0,30.48,30.14,10.0,10.0,14.0,21.0,0,
2017-07-23,103,77,74.0,66.0,85.0,31.0,29.93,29.82,10.0,2.0,13.0,24.0,0.04,"Rain , Thunderstorm"
2017-04-04,89,60,62.0,50.0,72.0,32.0,29.75,29.6,10.0,10.0,14.0,22.0,0,
2017-06-30,98,79,75.0,70.0,85.0,42.0,29.95,29.84,10.0,10.0,16.0,27.0,0,
2016-02-01,77,54,61.0,37.0,100.0,46.0,29.86,29.53,10.0,7.233009708737864,18.0,28.0,0,Fog
2017-01-03,75,44,44.0,31.0,80.0,24.0,30.18,29.95,10.0,10.0,12.0,23.0,0,
2017-01-25,69,48,63.0,27.0,84.0,22.0,30.17,29.73,10.0,10.0,15.0,24.0,0,
2017-02-10,79,51,63.0,36.0,87.0,52.0,30.28,30.03,10.0,7.0,7.0,22.0,0,
2016-03-04,76,45,47.0,33.0,71.0,25.0,30.21,30.04,10.0,10.0,12.0,22.0,0,
2014-03-22,77,61,65.0,51.0,100.0,60.0,30.02,29.88,10.0,1.0,12.0,17.0,0,
2014-11-16,50,34,49.0,28.0,100.0,82.0,30.25,29.92,10.0,7.233009708737864,17.0,28.0,0.01,"Fog , Rain"
2014-11-08,75,48,52.0,41.0,93.0,41.0,30.18,30.04,10.0,10.0,15.0,25.0,0,
2015-06-09,95,72,70.0,61.0,87.0,33.0,29.95,29.81,10.0,10.0,8.0,13.0,0,
2014-11-17,53,30,27.0,14.0,82.0,22.0,30.5,30.25,10.0,10.0,16.0,26.0,0,
2017-02-01,82,51,59.0,45.0,100.0,35.0,30.09,29.89,10.0,2.0,14.0,20.0,0,
2016-10-06,92,76,74.0,68.0,94.0,47.0,29.97,29.83,10.0,10.0,16.0,23.0,T,
2016-01-29,76,38,39.0,33.0,85.0,21.0,30.12,29.93,10.0,10.0,14.0,24.0,0,
2016-12-14,57,43,48.0,38.0,89.0,66.0,30.31,30.13,10.0,7.0,12.0,17.0,0,
2014-02-12,57,33,34.0,27.0,75.0,38.0,30.27,30.08,10.0,7.0,14.0,22.0,0,
2014-10-16,86,57,54.0,44.0,72.0,27.0,30.0,29.87,10.0,10.0,13.0,23.0,0,
2015-08-10,105,74,61.515243902439025,50.93368902439025,100.0,24.0,30.112203647416415,29.931892097264434,9.99158377964805,7.233009708737864,14.0,20.0,0,
2013-12-24,61,31,36.0,21.0,89.0,22.0,30.56,30.3,10.0,7.0,12.0,20.0,0,
2016-08-17,84,75,78.0,73.0,100.0,79.0,30.11,30.01,10.0,1.0,12.0,16.0,0.3,"Rain , Thunderstorm"
2016-03-10,64,58,61.0,57.0,93.0,90.0,29.95,29.78,10.0,2.0,16.0,26.0,0.4,Rain
2014-09-03,100,76,74.0,62.0,88.0,33.0,30.02,29.88,10.0,10.0,17.0,26.0,0,
2014-02-07,38,29,29.0,17.0,78.0,58.0,30.41,30.24,10.0,2.0,8.0,12.0,0,
2016-06-10,91,69,73.0,68.0,97.0,56.0,30.02,29.89,10.0,9.0,10.0,14.0,0,
2016-07-07,99,79,74.0,71.0,85.0,42.0,29.98,29.86,10.0,5.0,16.0,26.0,0,
2014-07-24,94,74,77.0,68.0,94.0,46.0,30.08,29.9,10.0,2.0,8.0,12.0,0.09,Rain
2014-12-24,57,35,35.0,30.0,85.0,38.0,30.16,30.03,10.0,10.0,16.0,25.0,0,
2016-11-23,73,51,69.0,45.0,100.0,41.0,30.21,29.96,10.0,2.0,14.0,24.0,0.13,Rain
2015-10-16,90,62,66.0,48.0,93.0,26.0,30.21,30.09,10.0,10.0,12.0,16.0,0,
2014-03-03,47,24,27.0,12.0,75.0,37.0,30.44,30.25,10.0,4.0,18.0,29.0,0.08,"Rain , Thunderstorm"
2014-09-04,99,73,77.0,67.0,91.0,38.0,30.07,29.94,10.0,7.233009708737864,28.0,37.0,0.98,"Fog , Rain , Thunderstorm"
2017-03-16,79,58,63.0,55.0,100.0,56.0,30.26,30.07,10.0,2.0,14.0,24.0,0.02,
2013-12-23,58,32,31.0,23.0,76.0,27.0,30.56,30.41,10.0,10.0,8.0,12.0,0,
2017-04-07,81,52,51.0,44.0,77.0,32.0,30.25,30.07,10.0,10.0,12.0,20.0,0,
2015-07-20,97,74,73.0,67.0,94.0,38.0,30.02,29.83,10.0,8.0,12.0,19.0,0,
2016-10-15,91,71,71.0,67.0,93.0,47.0,30.09,29.91,10.0,10.0,12.0,21.0,0,
2014-08-19,96,77,72.0,62.0,76.0,34.0,29.93,29.78,10.0,9.0,16.0,25.0,0,Thunderstorm
2016-01-19,69,43,51.0,41.0,100.0,55.0,30.28,30.08,10.0,2.0,14.0,26.0,0,
2015-05-26,89,66,75.0,64.0,100.0,59.0,30.02,29.88,10.0,2.0,13.0,20.0,0,Thunderstorm
2014-12-23,59,43,44.0,34.0,77.0,55.0,30.02,29.63,10.0,10.0,18.0,31.0,T,Rain
2015-03-07,60,38,37.0,24.0,82.0,29.0,30.5,30.27,10.0,10.0,10.0,13.0,T,
2017-07-10,100,76,72.0,58.0,87.0,26.0,29.99,29.89,10.0,10.0,12.0,20.0,0,
2017-01-02,73,52,62.0,44.0,100.0,38.0,29.96,29.75,10.0,1.0,15.0,25.0,0.4,"Rain , Thunderstorm"
2015-09-11,93,75,75.0,68.0,94.0,49.0,29.99,29.85,10.0,4.0,12.0,20.0,T,
2016-02-20,76,66,64.0,60.0,87.0,64.0,30.09,29.95,10.0,7.0,14.0,21.0,0,
2015-11-07,63,56,57.0,43.0,100.0,57.0,30.26,30.04,10.0,7.233009708737864,17.0,28.0,0.53,"Fog , Rain"
2015-04-14,77,57,61.0,49.0,87.0,46.0,30.11,29.96,10.0,10.0,12.0,20.0,0,
2015-05-25,82,66,74.0,66.0,100.0,74.0,29.92,29.75,10.0,7.233009708737864,16.0,29.0,5.2,"Fog , Rain , Thunderstorm"
2014-04-17,67,56,61.0,49.0,97.0,72.0,30.17,29.99,10.0,1.0,10.0,15.0,0.06,Rain
2013-12-26,57,39,39.0,33.0,79.0,47.0,30.47,30.34,10.0,7.0,12.0,17.0,0,
2017-05-06,91,54,53.0,46.0,77.0,27.0,30.02,29.88,10.0,10.0,12.0,17.0,0,
2017-03-15,75,49,54.0,44.0,86.0,41.0,30.34,30.2,10.0,7.233009708737864,14.0,21.0,0,
2016-10-04,91,70,72.0,65.0,90.0,47.0,29.86,29.72,10.0,8.0,12.0,20.0,0,
2016-08-03,99,76,74.0,70.0,94.0,42.0,30.04,29.89,10.0,10.0,10.0,18.0,0,
2015-06-11,94,73,72.0,69.0,93.0,49.0,29.88,29.73,10.0,10.0,15.0,25.0,0,
2016-08-04,99,76,75.0,70.0,88.0,42.0,30.02,29.84,10.0,10.0,12.0,20.0,0,
2016-07-31,98,78,75.0,67.0,91.0,40.0,30.04,29.88,9.99158377964805,7.233009708737864,13.0,21.0,0,
2014-01-01,69,39,51.0,30.0,83.0,52.0,30.25,30.01,10.0,8.0,13.0,22.0,0,
2016-04-20,81,60,67.0,58.0,93.0,51.0,30.06,29.9,10.0,2.0,20.0,35.0,0.58,"Rain , Thunderstorm"
2014-11-18,56,30,27.0,19.0,78.0,24.0,30.57,30.42,10.0,3.0,10.0,15.0,0,
2016-07-24,101,78,75.0,68.0,91.0,37.0,29.99,29.83,10.0,10.0,13.0,21.0,0,
2016-03-07,76,64,65.0,59.0,87.0,64.0,29.95,29.71,10.0,2.0,21.0,33.0,0.01,Rain
2017-06-08,93,73,68.0,64.0,79.0,41.0,29.97,29.82,10.0,10.0,9.0,14.0,0,
2014-02-13,69,32,38.0,28.0,85.0,30.0,30.11,29.93,10.0,10.0,10.0,19.0,0,
2016-09-02,92,75,75.0,70.0,87.0,59.0,30.05,29.91,10.0,8.0,9.0,17.0,0,
2014-08-11,102,76,75.0,66.0,91.0,33.0,30.07,29.94,10.0,2.0,13.0,23.0,0.05,"Rain , Thunderstorm"
2014-03-15,74,62,64.0,59.0,93.0,68.0,29.97,29.68,10.0,7.233009708737864,12.0,17.0,0.07,"Fog , Rain"
2015-11-22,59,34,33.0,26.0,82.0,30.0,30.4,30.24,10.0,10.0,8.0,13.0,0,
2014-02-23,86,62,61.0,44.0,84.0,29.0,30.05,29.88,10.0,7.0,15.0,24.0,0,
2014-06-26,88,71,75.0,69.0,94.0,57.0,30.02,29.85,10.0,6.0,15.0,24.0,0.01,Rain
2016-11-29,79,49,48.0,38.0,80.0,25.0,29.81,29.59,10.0,10.0,8.0,12.0,0,
2014-05-21,89,70,66.0,61.0,84.0,38.0,30.1,29.96,10.0,10.0,16.0,27.0,0,
2016-10-01,80,59,61.0,53.0,87.0,42.0,30.11,30.01,10.0,10.0,7.0,13.0,T,
2016-10-30,87,65,67.0,54.0,100.0,34.0,30.18,30.07,10.0,8.0,10.0,14.0,0,
2015-01-13,42,35,37.0,31.0,92.0,73.0,30.52,30.38,10.0,4.0,12.0,21.0,0,
2014-05-07,88,70,67.0,62.0,84.0,46.0,29.88,29.75,10.0,10.0,18.0,31.0,0,
2014-06-11,94,66,73.0,62.0,87.0,41.0,29.89,29.74,10.0,10.0,14.0,21.0,0,
2015-06-04,88,68,70.0,63.0,90.0,45.0,30.0,29.9,10.0,10.0,12.0,16.0,0,
2015-09-16,93,75,74.0,69.0,94.0,49.0,30.13,29.98,10.0,2.0,13.0,19.0,0.04,Rain
2015-03-21,61,55,58.0,54.0,100.0,90.0,30.15,30.01,10.0,2.0,10.0,17.0,0.43,Rain
2016-10-22,80,47,48.0,41.0,86.0,27.0,30.24,30.1,10.0,10.0,9.0,16.0,0,
2016-12-29,70,49,65.0,16.0,84.0,18.0,30.53,30.08,10.0,10.0,18.0,30.0,0,
2015-11-14,65,54,52.0,40.0,83.0,48.0,30.36,30.28,10.0,6.0,8.0,11.0,0.01,Rain
2014-12-30,46,39,43.0,32.0,100.0,73.0,30.51,30.21,10.0,7.233009708737864,13.0,21.0,0,Fog
2015-07-16,95,74,72.0,67.0,93.0,44.0,30.02,29.87,10.0,4.0,12.0,19.0,0,
2014-05-30,94,68,67.0,60.0,84.0,36.0,29.86,29.78,10.0,10.0,9.0,17.0,0,
2014-02-09,76,41,53.0,38.0,96.0,44.0,30.12,29.93,10.0,7.233009708737864,13.0,20.0,0,Fog
2016-10-02,85,58,60.0,53.0,93.0,37.0,30.07,29.96,10.0,10.0,8.0,11.0,0,
2016-04-29,84,75,74.0,72.0,94.0,70.0,29.78,29.54,10.0,3.0,14.0,23.0,T,Rain
2014-01-22,70,37,39.0,24.0,70.0,19.0,30.23,30.01,10.0,10.0,12.0,18.0,0,
2014-08-16,104,77,74.0,60.0,88.0,25.0,29.95,29.81,10.0,10.0,14.0,24.0,0,
2016-03-12,74,57,58.0,54.0,100.0,49.0,29.97,29.81,10.0,8.0,9.0,16.0,T,Rain
2014-12-10,66,47,57.0,45.0,93.0,56.0,30.27,30.15,10.0,6.0,8.0,11.0,0.02,Rain
2014-06-03,90,75,72.0,68.0,82.0,52.0,30.03,29.88,10.0,10.0,10.0,17.0,T,
2015-04-21,81,51,63.0,47.0,89.0,43.0,30.02,29.88,10.0,10.0,13.0,22.0,0,
2015-08-29,95,71,65.0,60.0,79.0,31.0,30.04,29.93,10.0,10.0,9.0,15.0,0,
2016-01-28,71,32,36.0,27.0,82.0,23.0,30.27,30.08,10.0,10.0,10.0,17.0,0,
2015-10-11,95,64,64.0,59.0,78.0,31.0,30.05,29.8,10.0,10.0,13.0,21.0,0,
2014-10-12,77,61,72.0,55.0,93.0,78.0,30.04,29.72,10.0,7.0,13.0,24.0,0.01,"Rain , Thunderstorm"
2016-02-15,74,50,58.0,35.0,90.0,27.0,29.96,29.81,10.0,10.0,16.0,25.0,0,
2015-04-09,87,70,71.0,65.0,90.0,55.0,29.93,29.75,10.0,7.0,15.0,27.0,0,
2016-07-08,100,79,75.0,68.0,85.0,42.0,30.05,29.89,10.0,10.0,14.0,23.0,0,
2015-04-07,87,68,67.0,62.0,90.0,51.0,30.03,29.87,10.0,8.0,16.0,26.0,0,
2016-08-27,92,72,73.0,69.0,93.0,52.0,30.01,29.88,10.0,9.0,12.0,19.0,0,
2016-01-21,64,43,56.0,27.0,100.0,32.0,30.23,29.88,10.0,1.0,22.0,36.0,0.01,Rain
2015-07-19,97,76,74.0,68.0,88.0,42.0,30.05,29.9,10.0,10.0,13.0,22.0,0,
2015-11-30,55,45,48.0,43.0,100.0,72.0,30.11,30.03,10.0,4.0,7.0,11.0,0,
2016-08-24,93,76,75.0,69.0,94.0,49.0,30.15,29.99,10.0,5.0,13.0,21.0,0,
2016-12-28,83,62,67.0,56.0,93.0,51.0,30.15,29.96,10.0,4.0,12.0,20.0,0,
2015-12-22,79,49,66.0,46.0,93.0,45.0,29.92,29.53,10.0,10.0,13.0,20.0,0,
2016-10-21,77,53,47.0,41.0,71.0,28.0,30.31,30.16,10.0,10.0,9.0,15.0,0,
2015-06-24,92,74,74.0,70.0,100.0,56.0,30.19,30.04,10.0,10.0,12.0,16.0,0,
2014-10-25,88,62,61.0,57.0,84.0,39.0,30.17,30.06,10.0,10.0,8.0,12.0,0,
2017-02-05,72,51,64.0,51.0,100.0,78.0,30.13,29.98,10.0,7.233009708737864,12.0,19.0,T,Fog
2016-03-31,86,66,69.0,39.0,97.0,20.0,29.76,29.61,10.0,2.0,12.0,18.0,0,
2016-11-15,86,59,58.0,51.0,87.0,32.0,30.11,30.0,10.0,10.0,8.0,14.0,0,
2015-02-27,36,31,30.0,19.0,92.0,52.0,30.45,30.32,10.0,2.0,13.0,21.0,0.01,Rain
2015-07-26,98,76,75.0,68.0,94.0,40.0,29.95,29.82,10.0,6.0,12.0,17.0,0,
2017-06-28,92,71,72.0,67.0,93.0,47.0,29.96,29.81,10.0,10.0,10.0,18.0,0,
2016-06-06,90,70,63.0,57.0,68.0,38.0,29.88,29.8,10.0,10.0,13.0,20.0,0,
2017-02-20,70,58,59.0,54.0,100.0,59.0,30.02,29.86,10.0,1.0,21.0,34.0,1.12,"Rain , Thunderstorm"
2016-04-10,79,65,66.0,59.0,87.0,62.0,30.04,29.85,10.0,10.0,21.0,32.0,T,
2015-08-02,100,75,66.0,58.0,69.0,26.0,29.93,29.81,10.0,10.0,10.0,16.0,0,
2015-07-11,93,73,73.0,66.0,94.0,44.0,30.16,30.05,10.0,8.0,14.0,19.0,0,
2015-04-27,85,63,70.0,52.0,100.0,32.0,29.8,29.54,10.0,1.0,17.0,37.0,0.56,"Rain , Thunderstorm"
2015-01-10,36,32,34.0,19.0,100.0,52.0,30.56,30.31,10.0,2.0,8.0,13.0,0.3,"Rain , Thunderstorm"
2014-09-28,88,66,67.0,62.0,100.0,43.0,30.04,29.92,10.0,3.0,12.0,15.0,0,
2017-03-22,83,68,64.0,58.0,87.0,47.0,30.16,30.0,10.0,10.0,14.0,23.0,0,
2015-04-18,77,54,66.0,53.0,100.0,64.0,29.94,29.75,10.0,7.233009708737864,28.0,43.0,0.57,"Fog , Rain , Thunderstorm"
2014-09-29,89,67,68.0,61.0,93.0,43.0,29.99,29.87,10.0,10.0,8.0,12.0,0,
2015-03-03,63,41,59.0,41.0,100.0,90.0,30.15,29.85,5.0,7.233009708737864,8.0,13.0,0.01,"Fog , Rain"
2015-12-28,46,36,34.0,28.0,92.0,58.0,30.06,29.76,10.0,10.0,21.0,35.0,T,
2015-06-22,89,72,77.0,71.0,100.0,68.0,30.11,30.02,10.0,6.0,10.0,17.0,0,
2016-09-07,96,78,77.0,73.0,97.0,52.0,30.16,29.98,10.0,8.0,13.0,20.0,0,
2016-04-22,84,60,60.0,49.0,93.0,33.0,30.13,30.02,10.0,10.0,12.0,16.0,0,
2015-09-07,100,76,74.0,64.0,88.0,33.0,29.98,29.83,10.0,10.0,13.0,20.0,0,
2017-03-07,77,61,67.0,34.0,93.0,29.0,30.29,29.94,10.0,5.0,17.0,25.0,T,
2016-12-06,58,43,48.0,43.0,100.0,67.0,30.09,29.79,10.0,7.233009708737864,17.0,27.0,0,Fog
2017-06-04,91,68,71.0,66.0,100.0,52.0,29.9,29.75,10.0,2.0,12.0,24.0,0.17,"Rain , Thunderstorm"
2017-01-07,44,19,13.0,6.0,73.0,22.0,30.83,30.61,10.0,10.0,12.0,21.0,0,
2017-05-27,97,76,76.0,72.0,94.0,48.0,29.91,29.76,10.0,2.0,15.0,23.0,0.01,Rain
2014-04-21,84,64,65.0,57.0,93.0,51.0,30.07,29.9,10.0,2.0,14.0,25.0,0.01,"Rain , Thunderstorm"
2017-06-14,96,78,74.0,67.0,85.0,41.0,29.99,29.83,10.0,7.0,14.0,23.0,0,
2017-05-30,88,68,68.0,63.0,90.0,45.0,30.07,29.97,10.0,10.0,8.0,14.0,0,
2014-01-06,36,22,15.0,2.0,50.0,26.0,30.8,30.5,10.0,10.0,17.0,27.0,0,
2017-07-14,101,77,74.0,61.0,88.0,27.0,30.16,29.98,10.0,10.0,15.0,22.0,0,
2017-03-09,80,67,66.0,59.0,93.0,64.0,30.19,30.01,10.0,6.0,14.0,23.0,T,"Rain , Thunderstorm"
2017-03-17,83,65,64.0,61.0,87.0,51.0,30.18,30.06,10.0,9.0,15.0,24.0,0,
2016-03-13,85,56,61.0,37.0,97.0,20.0,29.83,29.72,10.0,2.0,15.0,25.0,0,
2017-01-15,73,51,66.0,50.0,100.0,73.0,30.25,29.84,10.0,1.0,17.0,29.0,0.61,"Rain , Thunderstorm"
2014-10-10,92,75,73.0,65.0,87.0,44.0,29.95,29.81,10.0,10.0,14.0,24.0,0,
2015-11-15,70,54,62.0,46.0,87.0,58.0,30.28,30.06,10.0,10.0,9.0,17.0,0,
2016-03-26,74,48,57.0,47.0,93.0,57.0,29.94,29.85,10.0,5.0,13.0,20.0,0,
2014-04-06,61,52,51.0,45.0,96.0,55.0,29.89,29.75,10.0,2.0,12.0,19.0,0.2,"Rain , Thunderstorm"
2014-01-13,71,43,60.0,17.0,87.0,14.0,30.16,29.86,10.0,7.0,17.0,29.0,0,
2014-02-28,80,44,50.0,35.0,83.0,37.0,29.92,29.75,10.0,7.0,13.0,21.0,0,
2016-02-09,74,39,33.0,20.0,59.0,20.0,30.4,30.23,10.0,10.0,14.0,23.0,0,
2015-02-19,70,38,49.0,31.0,85.0,37.0,30.38,30.08,10.0,10.0,14.0,28.0,0,
2016-03-02,78,49,62.0,32.0,81.0,36.0,30.21,29.9,10.0,8.0,16.0,25.0,0,
2016-11-02,88,73,74.0,69.0,100.0,55.0,30.15,29.99,10.0,5.0,12.0,17.0,0.01,Rain
2014-04-03,82,71,69.0,66.0,90.0,58.0,29.81,29.66,10.0,5.0,14.0,25.0,T,
2015-06-29,93,74,74.0,70.0,100.0,49.0,30.02,29.9,10.0,5.0,10.0,18.0,0,
2017-01-22,70,53,42.0,27.0,47.0,28.0,29.99,29.56,10.0,10.0,24.0,43.0,0,
2016-07-19,100,77,74.0,69.0,85.0,42.0,30.21,30.04,10.0,10.0,15.0,24.0,0,
2015-12-20,67,51,62.0,48.0,100.0,78.0,30.35,29.99,10.0,5.0,13.0,25.0,T,Rain
2017-05-17,90,70,74.0,58.0,100.0,34.0,29.84,29.68,10.0,2.0,14.0,24.0,0.12,Rain
2014-03-05,53,38,43.0,35.0,86.0,66.0,30.18,29.99,10.0,4.0,13.0,16.0,0,
2015-05-12,69,65,67.0,63.0,100.0,81.0,30.2,30.05,10.0,1.0,10.0,17.0,0.23,Rain
2017-03-30,82,54,50.0,39.0,77.0,23.0,29.93,29.75,10.0,10.0,15.0,26.0,0,
2014-07-27,98,75,74.0,65.0,94.0,33.0,30.08,29.94,10.0,9.0,13.0,22.0,0,
2017-03-05,75,57,65.0,57.0,100.0,68.0,30.23,29.99,10.0,1.0,12.0,19.0,0.27,Rain
2017-04-22,73,57,67.0,44.0,86.0,52.0,30.16,29.78,10.0,4.0,14.0,23.0,0.01,Rain
2014-09-12,96,66,74.0,62.0,94.0,39.0,30.15,29.91,10.0,1.0,15.0,24.0,0.51,"Rain , Thunderstorm"
2015-12-15,75,53,65.0,45.0,100.0,71.0,29.81,29.66,10.0,8.0,9.0,16.0,0,
2016-06-23,95,75,73.0,68.0,94.0,46.0,30.1,29.95,10.0,10.0,14.0,22.0,0,
2015-02-28,36,31,34.0,26.0,100.0,85.0,30.38,30.26,10.0,2.0,10.0,17.0,0.1,Rain
2014-04-10,87,57,59.0,48.0,90.0,27.0,30.11,29.91,10.0,10.0,17.0,31.0,0,
2016-05-15,72,62,67.0,54.0,93.0,72.0,30.13,29.97,10.0,4.0,9.0,15.0,0.23,Rain
2014-01-30,65,31,51.0,20.0,80.0,48.0,30.26,29.9,10.0,10.0,15.0,27.0,0,
2016-03-27,74,56,63.0,44.0,100.0,40.0,30.17,29.9,10.0,2.0,15.0,24.0,T,Rain
2014-09-23,85,67,66.0,55.0,74.0,40.0,30.15,30.04,10.0,10.0,8.0,12.0,0,
2014-11-25,67,38,38.0,25.0,85.0,20.0,30.37,30.2,10.0,10.0,9.0,16.0,0,
2017-07-21,104,77,74.0,61.0,85.0,27.0,30.01,29.86,10.0,10.0,14.0,24.0,T,
2015-10-05,85,67,56.0,48.0,57.0,32.0,30.09,29.96,10.0,10.0,9.0,13.0,0,
2014-06-24,93,74,74.0,69.0,94.0,49.0,30.05,29.94,10.0,7.233009708737864,22.0,35.0,0.24,"Fog , Rain , Thunderstorm"
2016-05-07,85,60,62.0,56.0,90.0,40.0,30.03,29.88,10.0,10.0,17.0,29.0,0,
2016-12-05,52,47,50.0,46.0,100.0,89.0,30.01,29.77,10.0,1.0,10.0,17.0,0.63,Rain
2016-09-08,95,77,76.0,69.0,91.0,49.0,30.06,29.89,10.0,10.0,12.0,20.0,0,
2014-02-20,83,57,64.0,27.0,81.0,15.0,30.09,29.71,10.0,7.0,16.0,28.0,0,
2015-07-22,97,77,74.0,68.0,85.0,42.0,29.95,29.81,10.0,10.0,13.0,23.0,0,
2015-10-07,91,62,63.0,53.0,72.0,36.0,30.1,29.96,10.0,10.0,12.0,15.0,0,
2016-02-07,68,32,37.0,30.0,96.0,28.0,30.38,30.1,10.0,6.0,13.0,21.0,0,
2015-01-12,46,40,45.0,36.0,100.0,76.0,30.44,30.15,10.0,7.233009708737864,14.0,20.0,0,Fog
2014-04-27,96,73,70.0,41.0,87.0,15.0,29.63,29.44,10.0,3.0,14.0,24.0,0,
2017-05-31,85,68,70.0,62.0,97.0,51.0,30.08,29.94,10.0,9.0,17.0,26.0,0.02,Rain
2014-08-29,96,77,75.0,67.0,88.0,39.0,29.92,29.77,10.0,2.0,15.0,23.0,0.07,"Rain , Thunderstorm"
2017-02-02,64,46,39.0,32.0,65.0,39.0,30.31,30.07,10.0,10.0,13.0,20.0,0,
2016-02-18,79,54,58.0,45.0,93.0,42.0,30.24,30.06,10.0,7.0,16.0,29.0,0,
2014-10-24,85,60,61.0,56.0,84.0,44.0,30.17,30.06,10.0,10.0,7.0,9.0,0,
2014-07-02,97,73,73.0,64.0,93.0,35.0,30.06,29.96,10.0,6.0,14.0,18.0,0,
2015-09-28,89,69,66.0,60.0,90.0,38.0,29.89,29.76,10.0,7.0,12.0,17.0,0,
2015-05-07,83,73,73.0,69.0,87.0,74.0,29.94,29.8,10.0,2.0,17.0,26.0,0.02,Rain
2014-01-23,56,27,42.0,20.0,78.0,50.0,30.73,30.06,10.0,2.0,20.0,31.0,0.06,"Rain , Snow"
2016-08-02,98,75,74.0,69.0,94.0,39.0,30.09,29.94,10.0,10.0,12.0,19.0,0,
2016-07-03,98,78,75.0,73.0,85.0,48.0,30.0,29.81,10.0,10.0,15.0,25.0,0,
2014-02-16,76,59,61.0,53.0,90.0,57.0,30.08,29.94,10.0,7.233009708737864,13.0,23.0,0,Fog
2016-01-25,75,56,57.0,37.0,93.0,38.0,30.06,29.87,10.0,10.0,10.0,20.0,0,
2014-12-14,74,61,64.0,59.0,100.0,64.0,30.07,29.84,10.0,5.0,14.0,26.0,0.07,Rain
2014-02-04,64,42,45.0,39.0,89.0,46.0,30.11,29.87,10.0,2.0,10.0,18.0,0.15,Rain
2016-11-06,76,59,67.0,57.0,93.0,76.0,30.19,30.07,10.0,5.0,12.0,20.0,0.07,Rain
2016-08-31,94,74,74.0,70.0,100.0,49.0,29.97,29.86,10.0,8.0,9.0,14.0,0.09,Rain
2015-10-31,77,65,73.0,59.0,100.0,64.0,29.91,29.6,10.0,1.0,16.0,27.0,0.89,"Rain , Thunderstorm"
2014-02-27,59,31,32.0,21.0,82.0,29.0,30.22,29.94,10.0,10.0,12.0,17.0,0,
2014-11-04,75,58,69.0,57.0,100.0,73.0,30.18,30.01,10.0,2.0,17.0,28.0,0.56,Rain
2014-10-08,90,74,72.0,65.0,93.0,46.0,30.06,29.9,10.0,10.0,15.0,23.0,0,
2014-02-05,48,31,42.0,16.0,80.0,39.0,30.5,30.13,10.0,10.0,16.0,24.0,0,
2014-09-24,84,60,60.0,51.0,90.0,37.0,30.16,30.07,10.0,10.0,9.0,16.0,0,
2017-04-23,77,50,44.0,40.0,71.0,29.0,30.19,30.0,10.0,10.0,14.0,22.0,0,
2014-10-14,80,51,48.0,37.0,77.0,21.0,30.17,30.03,10.0,10.0,14.0,20.0,0,
2014-08-02,90,68,68.0,64.0,93.0,46.0,30.1,29.96,10.0,10.0,10.0,18.0,0,
2016-09-25,88,70,76.0,69.0,100.0,65.0,30.05,29.92,10.0,7.233009708737864,13.0,21.0,0.76,"Fog , Rain , Thunderstorm"
2016-06-07,92,69,70.0,63.0,84.0,44.0,29.92,29.83,10.0,10.0,8.0,14.0,0,
2014-12-20,54,49,47.0,44.0,86.0,72.0,30.27,30.15,10.0,5.0,8.0,13.0,0,
2017-05-21,78,62,67.0,57.0,93.0,54.0,30.11,29.98,10.0,1.0,14.0,25.0,0.67,"Rain , Thunderstorm"
2014-12-22,77,56,56.0,43.0,93.0,33.0,29.83,29.6,10.0,8.0,12.0,18.0,0,
2013-12-21,74,45,67.0,43.0,93.0,57.0,29.86,29.59,10.0,2.0,20.0,31.0,0.46,"Rain , Thunderstorm"
2014-02-25,71,52,65.0,47.0,93.0,77.0,30.06,29.95,10.0,1.0,12.0,20.0,T,Rain
2016-03-08,83,68,69.0,64.0,90.0,58.0,29.78,29.6,10.0,1.0,17.0,30.0,0.22,"Rain , Thunderstorm"
2014-01-21,63,38,28.0,19.0,59.0,19.0,30.43,30.19,10.0,10.0,15.0,25.0,0,
2016-06-20,95,75,74.0,69.0,87.0,43.0,30.2,30.08,10.0,10.0,9.0,17.0,0,
2016-07-17,99,76,74.0,66.0,88.0,38.0,30.08,29.96,10.0,10.0,12.0,20.0,0,
2014-10-11,78,59,72.0,55.0,97.0,73.0,30.12,29.88,10.0,7.233009708737864,14.0,20.0,1.42,"Fog , Rain"
2017-06-10,93,70,69.0,59.0,84.0,40.0,29.93,29.8,10.0,10.0,14.0,21.0,0,
2014-04-13,78,68,68.0,61.0,90.0,67.0,29.85,29.62,10.0,8.0,18.0,29.0,T,
2014-08-23,101,75,73.0,62.0,94.0,29.0,30.04,29.84,10.0,9.0,14.0,21.0,0,
2015-02-09,83,52,50.0,38.0,77.0,20.0,30.14,30.01,10.0,10.0,9.0,13.0,0,
2014-05-31,93,70,69.0,65.0,84.0,41.0,29.89,29.82,10.0,10.0,10.0,20.0,0,
2015-10-30,75,67,73.0,65.0,100.0,79.0,29.87,29.62,10.0,7.233009708737864,29.0,42.0,4.93,"Fog , Rain , Thunderstorm"
2015-02-05,52,38,48.0,31.0,92.0,62.0,30.48,30.22,10.0,5.0,16.0,26.0,T,
2017-04-03,90,49,54.0,47.0,93.0,23.0,29.81,29.65,10.0,10.0,10.0,17.0,0,
2016-05-14,81,63,71.0,64.0,100.0,74.0,30.11,30.01,10.0,1.0,9.0,16.0,0.77,"Rain , Thunderstorm"
2016-02-27,73,42,52.0,36.0,82.0,42.0,30.33,30.13,10.0,10.0,14.0,21.0,0,
2017-05-04,79,60,47.0,39.0,60.0,25.0,30.12,29.95,10.0,10.0,18.0,34.0,0,
2013-12-22,56,39,43.0,28.0,93.0,43.0,30.41,29.87,10.0,5.0,16.0,25.0,0,
2014-08-25,101,76,73.0,60.0,88.0,29.0,29.97,29.81,10.0,10.0,10.0,15.0,0,
2017-04-17,80,63,67.0,57.0,90.0,69.0,30.05,29.93,10.0,6.0,16.0,26.0,T,"Rain , Thunderstorm"
2015-10-17,88,62,54.0,42.0,67.0,25.0,30.3,30.17,10.0,10.0,9.0,16.0,0,
2017-04-14,84,65,64.0,57.0,93.0,45.0,30.15,29.97,10.0,5.0,12.0,20.0,0,
2014-03-23,61,47,51.0,36.0,72.0,51.0,30.27,30.05,10.0,9.0,17.0,30.0,0,
2015-01-06,71,36,37.0,28.0,76.0,23.0,30.46,30.3,10.0,10.0,9.0,13.0,0,
2014-04-14,73,43,69.0,32.0,90.0,39.0,30.27,29.67,10.0,7.233009708737864,22.0,38.0,1.34,"Fog , Rain , Thunderstorm"
2016-06-16,96,75,75.0,70.0,94.0,48.0,30.02,29.87,10.0,6.0,14.0,22.0,0,
2014-09-01,101,78,75.0,65.0,91.0,33.0,29.96,29.8,10.0,7.0,15.0,25.0,0,
2015-02-23,37,30,32.0,26.0,92.0,82.0,30.54,30.4,10.0,2.0,17.0,24.0,0.01,Rain
2015-08-01,99,73,64.0,56.0,68.0,25.0,30.01,29.88,10.0,10.0,10.0,17.0,0,
2014-06-17,92,75,72.0,66.0,88.0,49.0,30.04,29.92,10.0,10.0,12.0,22.0,0,
2016-01-01,48,44,36.0,28.0,66.0,53.0,30.53,30.38,9.99158377964805,7.233009708737864,15.0,24.0,T,Rain
2015-01-14,40,38,38.0,34.0,92.0,79.0,30.41,30.26,8.0,2.0,9.0,15.0,0,
2014-05-02,83,56,40.0,27.0,51.0,14.0,30.09,29.94,10.0,10.0,9.0,17.0,0,
2016-05-19,76,61,65.0,59.0,100.0,68.0,30.05,29.86,10.0,1.0,15.0,29.0,2.25,"Rain , Thunderstorm"
2017-05-15,92,67,66.0,63.0,93.0,41.0,29.97,29.81,10.0,9.0,15.0,24.0,0,
2016-09-19,99,76,75.0,71.0,94.0,42.0,30.02,29.93,10.0,10.0,10.0,16.0,0,
2014-10-06,89,72,71.0,66.0,93.0,53.0,29.93,29.82,10.0,10.0,13.0,20.0,0,
2014-08-24,101,77,74.0,62.0,88.0,29.0,29.98,29.81,10.0,10.0,13.0,18.0,0,
2015-06-26,93,76,74.0,70.0,94.0,52.0,30.05,29.89,10.0,10.0,10.0,18.0,0,
2014-03-20,76,42,40.0,31.0,82.0,21.0,30.25,30.04,10.0,10.0,10.0,15.0,0,
2014-07-01,96,75,73.0,66.0,88.0,39.0,29.98,29.87,10.0,7.0,15.0,22.0,0,
2016-02-12,79,47,48.0,38.0,93.0,27.0,30.29,30.13,10.0,10.0,10.0,19.0,0,
2017-07-08,100,75,71.0,62.0,87.0,31.0,30.09,29.94,10.0,10.0,9.0,17.0,0,Thunderstorm
2015-03-02,45,38,42.0,37.0,100.0,89.0,30.38,30.18,10.0,1.0,10.0,15.0,0.02,Rain
2016-02-14,75,57,57.0,53.0,93.0,49.0,30.11,29.83,10.0,9.0,15.0,26.0,0,
2016-06-30,94,76,74.0,67.0,88.0,41.0,29.99,29.9,10.0,10.0,10.0,17.0,0,
2015-10-03,87,56,45.0,40.0,57.0,22.0,29.94,29.8,10.0,10.0,8.0,14.0,0,
2017-07-05,99,78,74.0,60.0,85.0,31.0,30.12,29.92,10.0,10.0,13.0,19.0,0,
2014-05-16,86,61,48.0,36.0,60.0,20.0,30.14,29.96,10.0,10.0,15.0,27.0,0,
2014-04-18,78,59,61.0,51.0,93.0,43.0,30.23,30.09,10.0,2.0,9.0,16.0,0.01,Rain
2016-09-11,93,69,68.0,64.0,84.0,44.0,30.17,29.98,10.0,10.0,7.0,10.0,0,
2017-06-09,90,74,71.0,65.0,87.0,50.0,29.93,29.78,10.0,10.0,13.0,20.0,0,
2016-05-27,77,65,69.0,64.0,100.0,74.0,29.88,29.68,10.0,2.0,12.0,21.0,0.35,"Rain , Thunderstorm"
2016-07-10,97,77,78.0,69.0,91.0,42.0,30.07,29.82,10.0,6.0,14.0,25.0,0.04,"Rain , Thunderstorm"
2017-04-26,91,62,70.0,37.0,84.0,17.0,29.76,29.41,10.0,8.0,18.0,30.0,0,
2016-02-03,58,39,27.0,23.0,54.0,28.0,30.4,29.97,10.0,10.0,15.0,23.0,0,
2014-01-16,72,40,31.0,23.0,55.0,20.0,30.21,30.06,10.0,10.0,14.0,20.0,0,
2017-07-29,107,77,72.0,55.0,82.0,19.0,29.91,29.79,10.0,10.0,12.0,17.0,0,
2014-01-04,71,42,55.0,38.0,89.0,47.0,30.12,29.81,10.0,8.0,16.0,28.0,0,
2015-05-05,83,66,70.0,62.0,100.0,54.0,30.01,29.86,10.0,7.233009708737864,20.0,28.0,3.84,"Fog , Rain , Thunderstorm"
2014-03-13,68,37,40.0,20.0,68.0,21.0,30.37,30.12,10.0,10.0,9.0,18.0,0,
2017-01-30,79,47,35.0,26.0,61.0,15.0,30.29,30.1,10.0,10.0,12.0,18.0,0,
2017-01-06,34,23,18.0,13.0,60.0,49.0,30.6,30.12,10.0,10.0,17.0,28.0,0,
2016-05-06,86,56,55.0,50.0,86.0,34.0,30.1,29.97,10.0,10.0,10.0,19.0,0,
2015-08-13,104,78,70.0,63.0,74.0,27.0,30.0,29.88,10.0,10.0,10.0,19.0,0,
2014-09-20,90,74,75.0,70.0,100.0,55.0,30.0,29.88,10.0,1.0,9.0,15.0,0.21,Rain
2015-11-05,85,72,74.0,69.0,100.0,65.0,30.02,29.89,10.0,2.0,12.0,19.0,0.05,"Rain , Thunderstorm"
2016-07-30,97,76,76.0,69.0,100.0,42.0,30.06,29.89,10.0,10.0,12.0,18.0,0,
2015-04-01,83,68,67.0,61.0,90.0,51.0,29.98,29.83,10.0,4.0,14.0,25.0,T,Rain
2017-04-19,85,68,66.0,64.0,87.0,55.0,30.08,29.95,10.0,9.0,14.0,22.0,T,Rain
2017-02-18,86,62,64.0,45.0,90.0,26.0,29.84,29.71,10.0,10.0,12.0,20.0,0,
2016-08-25,94,74,75.0,70.0,100.0,49.0,30.12,29.95,10.0,7.0,13.0,17.0,0.04,
2015-03-13,78,53,54.0,46.0,100.0,36.0,30.06,29.94,10.0,1.0,12.0,18.0,0,
2014-12-27,66,41,63.0,32.0,93.0,65.0,30.29,29.92,10.0,5.0,16.0,24.0,0.03,Rain
2015-07-01,91,71,75.0,69.0,93.0,63.0,30.07,29.97,10.0,10.0,17.0,31.0,T,Rain
2016-04-23,83,55,59.0,50.0,87.0,34.0,30.1,29.92,10.0,10.0,9.0,17.0,0,
2014-09-18,90,72,75.0,70.0,100.0,56.0,29.93,29.79,10.0,7.233009708737864,25.0,33.0,3.66,"Fog , Rain , Thunderstorm"
2015-08-18,99,76,73.0,65.0,88.0,35.0,29.93,29.7,10.0,10.0,14.0,23.0,0,
2015-03-15,69,51,54.0,48.0,89.0,55.0,30.32,30.2,10.0,10.0,12.0,16.0,0,
2017-01-23,76,46,39.0,34.0,65.0,23.0,30.06,29.83,10.0,10.0,10.0,16.0,0,
2015-05-28,87,69,79.0,70.0,94.0,65.0,30.08,29.87,10.0,2.0,15.0,25.0,0.2,"Rain , Thunderstorm"
2014-07-23,97,75,75.0,66.0,94.0,38.0,30.05,29.94,10.0,6.0,7.0,14.0,0,
2014-11-30,79,64,63.0,59.0,87.0,54.0,30.11,29.97,10.0,10.0,15.0,28.0,0,
2017-02-14,67,47,62.0,37.0,93.0,66.0,30.11,29.85,10.0,2.0,20.0,32.0,0.86,"Rain , Thunderstorm"
2014-05-17,86,60,59.0,47.0,84.0,32.0,30.02,29.9,10.0,10.0,17.0,26.0,0,
2015-12-14,75,42,46.0,35.0,89.0,25.0,29.85,29.73,10.0,10.0,10.0,18.0,0,
2015-02-06,60,37,42.0,33.0,86.0,51.0,30.46,30.25,10.0,7.0,10.0,16.0,0,
2016-05-12,84,68,70.0,63.0,93.0,62.0,30.2,30.0,10.0,2.0,17.0,29.0,0.11,"Rain , Thunderstorm"
2017-03-18,84,65,66.0,61.0,93.0,51.0,30.32,30.17,10.0,7.0,10.0,16.0,0,
2014-11-28,72,42,54.0,35.0,82.0,41.0,30.38,30.09,10.0,10.0,14.0,24.0,0,
2016-06-01,87,68,72.0,66.0,97.0,53.0,29.94,29.8,10.0,1.0,10.0,16.0,0.19,Rain
2014-06-12,92,68,74.0,67.0,79.0,56.0,29.98,29.71,10.0,1.0,24.0,47.0,1.49,"Rain , Thunderstorm"
2016-03-30,77,68,70.0,68.0,100.0,76.0,29.85,29.6,10.0,2.0,14.0,24.0,0.03,Rain
2016-08-13,96,77,76.0,70.0,94.0,52.0,29.88,29.76,10.0,7.0,13.0,19.0,0.1,"Rain , Thunderstorm"
2016-04-02,74,45,42.0,34.0,76.0,23.0,30.32,30.18,10.0,10.0,13.0,20.0,0,
2015-12-29,49,37,43.0,32.0,92.0,56.0,30.19,30.01,10.0,3.0,8.0,11.0,0.03,Rain
2014-10-22,83,61,62.0,56.0,84.0,49.0,30.12,30.03,10.0,10.0,9.0,14.0,T,Rain
2015-06-17,89,72,77.0,71.0,100.0,65.0,29.94,29.73,10.0,7.233009708737864,23.0,15.0,2.66,"Fog , Rain , Thunderstorm"
2016-05-11,87,65,73.0,63.0,87.0,65.0,30.08,29.9,10.0,2.0,18.0,26.0,0.33,"Rain , Thunderstorm"
2016-07-15,101,78,75.0,64.0,91.0,33.0,30.05,29.86,10.0,9.0,13.0,22.0,0,
2014-01-08,53,40,51.0,30.0,93.0,57.0,30.33,30.12,10.0,1.0,12.0,18.0,0.16,Rain
2014-10-02,92,76,75.0,59.0,91.0,52.0,29.93,29.75,10.0,4.0,14.0,27.0,0.03,"Rain , Thunderstorm"
2014-07-30,96,76,72.0,60.0,87.0,33.0,30.06,29.86,10.0,10.0,14.0,22.0,0,
2016-04-08,80,55,49.0,38.0,77.0,25.0,30.19,30.02,10.0,10.0,12.0,19.0,0,
2014-01-12,67,46,58.0,33.0,84.0,52.0,30.12,29.9,10.0,10.0,15.0,24.0,0.01,Rain
2017-06-07,95,70,68.0,54.0,84.0,26.0,29.94,29.86,10.0,10.0,9.0,17.0,0,
2014-04-16,73,40,48.0,31.0,76.0,35.0,30.15,29.95,10.0,10.0,16.0,26.0,0,
2017-03-24,83,60,71.0,51.0,90.0,45.0,29.97,29.81,10.0,2.0,17.0,28.0,0.05,Rain
2015-01-31,62,49,61.0,37.0,100.0,59.0,30.26,29.9,10.0,1.0,15.0,21.0,0.31,Rain
2014-12-17,53,48,51.0,35.0,96.0,54.0,30.27,30.05,10.0,2.0,15.0,22.0,0.1,"Rain , Thunderstorm"
2014-03-26,66,54,55.0,30.0,78.0,36.0,30.2,29.95,10.0,6.0,22.0,33.0,T,Rain
2016-12-10,52,35,50.0,27.0,96.0,54.0,30.51,30.2,10.0,2.0,9.0,15.0,0,
2014-09-08,96,72,71.0,66.0,100.0,39.0,30.03,29.89,10.0,8.0,12.0,15.0,0,
2016-12-11,67,50,61.0,50.0,100.0,81.0,30.18,29.92,10.0,7.233009708737864,14.0,25.0,0.02,"Fog , Rain"
2016-12-15,54,45,43.0,40.0,92.0,63.0,30.42,30.16,10.0,2.0,12.0,20.0,0,
2016-06-05,88,68,68.0,53.0,97.0,34.0,29.91,29.82,10.0,10.0,14.0,22.0,0,
2014-06-18,92,77,75.0,67.0,91.0,44.0,30.03,29.88,10.0,4.0,16.0,26.0,0.02,Rain
2014-04-02,82,70,69.0,63.0,97.0,58.0,29.9,29.69,10.0,4.0,16.0,30.0,T,Rain
2015-07-18,98,77,74.0,69.0,88.0,42.0,29.99,29.91,10.0,10.0,14.0,23.0,0,
2015-12-07,69,44,47.0,40.0,92.0,35.0,30.37,30.16,10.0,4.0,7.0,12.0,0,
2015-07-07,91,78,75.0,70.0,85.0,56.0,30.02,29.9,10.0,8.0,16.0,28.0,T,
2014-06-23,88,68,75.0,66.0,88.0,61.0,30.04,29.83,10.0,1.0,16.0,26.0,0.27,"Rain , Thunderstorm"
2015-04-02,84,68,68.0,63.0,90.0,62.0,29.97,29.85,10.0,6.0,15.0,26.0,0,
2015-01-05,52,29,28.0,20.0,75.0,32.0,30.73,30.45,10.0,10.0,8.0,12.0,0,
2015-08-16,98,75,70.0,61.0,82.0,33.0,29.99,29.86,10.0,8.0,13.0,19.0,0,
2014-03-02,73,28,67.0,20.0,89.0,69.0,30.31,29.88,10.0,2.0,20.0,37.0,0.08,Rain
2017-01-10,79,59,58.0,53.0,90.0,42.0,30.09,29.96,10.0,10.0,17.0,35.0,0,
2016-06-29,96,71,75.0,66.0,93.0,39.0,30.05,29.9,10.0,10.0,9.0,13.0,0,
2014-12-02,50,39,43.0,24.0,80.0,45.0,30.45,30.21,10.0,10.0,10.0,16.0,0,
2016-11-28,79,51,66.0,33.0,84.0,21.0,29.65,29.52,10.0,10.0,17.0,28.0,0,
2017-04-01,76,65,65.0,59.0,93.0,64.0,29.88,29.77,10.0,10.0,16.0,26.0,0,
2014-01-19,72,45,41.0,18.0,64.0,14.0,30.35,30.12,10.0,10.0,9.0,16.0,0,
2016-12-22,68,50,40.0,33.0,63.0,32.0,30.35,30.18,10.0,9.0,12.0,19.0,0,
2016-09-27,80,67,64.0,61.0,87.0,54.0,30.12,30.01,10.0,10.0,9.0,13.0,0,
2014-01-29,49,27,19.0,9.0,63.0,21.0,30.52,30.29,10.0,10.0,15.0,23.0,0,
2015-05-09,85,72,73.0,69.0,93.0,65.0,29.89,29.74,10.0,2.0,17.0,31.0,0.02,"Rain , Thunderstorm"
2014-05-27,73,63,67.0,61.0,93.0,79.0,30.03,29.86,10.0,7.233009708737864,22.0,31.0,1.75,"Fog , Rain , Thunderstorm"
2015-10-10,90,67,62.0,58.0,78.0,34.0,30.21,30.03,10.0,10.0,10.0,16.0,0,
2015-12-24,74,52,63.0,46.0,93.0,68.0,29.95,29.73,10.0,4.0,10.0,16.0,0,
2015-09-17,96,75,73.0,65.0,94.0,39.0,30.06,29.86,10.0,10.0,13.0,18.0,0,
2017-03-03,71,40,38.0,24.0,70.0,19.0,30.57,30.43,10.0,10.0,14.0,23.0,0,
2017-05-08,84,64,63.0,58.0,87.0,45.0,30.03,29.92,10.0,10.0,16.0,23.0,0,
2015-01-19,75,37,47.0,29.0,85.0,33.0,30.18,29.94,10.0,10.0,10.0,19.0,0,
2014-02-11,36,33,31.0,27.0,89.0,70.0,30.3,30.19,9.0,1.0,15.0,23.0,0.1,Rain
2016-08-23,94,77,76.0,69.0,91.0,49.0,30.16,30.02,10.0,9.0,13.0,21.0,0,
2014-12-15,74,52,64.0,32.0,93.0,23.0,30.2,29.89,10.0,7.0,12.0,19.0,0,
2016-04-26,86,72,72.0,66.0,93.0,61.0,29.76,29.57,10.0,4.0,17.0,27.0,0,
2015-01-27,83,51,45.0,36.0,71.0,23.0,30.21,30.1,10.0,10.0,14.0,24.0,0,
2015-02-15,68,57,62.0,52.0,87.0,73.0,30.15,29.88,10.0,7.0,10.0,19.0,T,
2015-03-14,78,53,53.0,44.0,89.0,33.0,30.21,30.02,10.0,10.0,15.0,23.0,0,
2015-10-29,81,51,64.0,49.0,96.0,35.0,29.97,29.83,10.0,10.0,12.0,18.0,0,
2014-10-01,92,76,73.0,63.0,88.0,47.0,29.87,29.72,10.0,10.0,10.0,18.0,0,
2015-08-05,101,78,75.0,64.0,85.0,33.0,30.02,29.85,10.0,10.0,13.0,21.0,0,
2014-08-05,97,73,71.0,64.0,87.0,35.0,30.06,29.93,10.0,8.0,13.0,22.0,0,
2014-12-09,69,43,49.0,42.0,100.0,39.0,30.38,30.24,10.0,2.0,8.0,11.0,0,
2016-03-22,78,45,58.0,40.0,86.0,47.0,30.22,29.92,10.0,10.0,17.0,31.0,0,
2016-01-31,86,58,58.0,36.0,93.0,17.0,29.87,29.73,10.0,10.0,12.0,19.0,0,
2016-04-04,83,53,53.0,38.0,66.0,30.0,30.21,30.1,10.0,10.0,12.0,18.0,0,
2013-12-30,44,35,31.0,21.0,75.0,45.0,30.44,30.26,10.0,10.0,13.0,21.0,0,
2017-05-12,88,63,70.0,50.0,93.0,29.0,29.96,29.83,10.0,4.0,14.0,25.0,0,Thunderstorm
2014-01-20,82,46,51.0,23.0,71.0,17.0,30.16,29.85,10.0,10.0,16.0,26.0,0,
2017-03-13,70,48,52.0,46.0,100.0,44.0,30.24,30.06,10.0,2.0,12.0,18.0,0.01,Rain
2015-11-12,71,56,41.0,27.0,51.0,20.0,30.26,30.02,10.0,10.0,16.0,27.0,0,
2017-02-11,86,66,67.0,62.0,93.0,48.0,30.05,29.91,10.0,5.0,12.0,21.0,0,
2016-06-24,93,75,74.0,71.0,94.0,52.0,30.1,29.94,10.0,10.0,13.0,20.0,0,
2014-11-20,70,44,63.0,43.0,100.0,70.0,30.17,30.02,10.0,7.233009708737864,12.0,16.0,0.01,"Fog , Rain"
2016-03-05,79,57,56.0,49.0,93.0,39.0,30.21,30.08,10.0,10.0,12.0,18.0,0,
2015-03-28,84,48,49.0,40.0,86.0,22.0,30.14,30.0,10.0,10.0,13.0,24.0,0,
2013-12-28,62,40,43.0,33.0,92.0,36.0,30.33,30.04,10.0,7.0,10.0,14.0,T,
2015-05-22,77,62,71.0,61.0,100.0,82.0,30.13,30.02,10.0,1.0,10.0,17.0,0.03,Rain
2014-07-06,95,72,73.0,66.0,100.0,44.0,30.1,29.91,10.0,3.0,13.0,20.0,0,
2014-10-13,76,61,72.0,46.0,87.0,38.0,30.04,29.65,10.0,2.0,20.0,36.0,0.09,"Rain , Thunderstorm"
2015-01-17,69,39,46.0,33.0,92.0,34.0,30.26,30.03,10.0,6.0,12.0,20.0,0,
2016-07-01,96,74,74.0,69.0,93.0,46.0,30.02,29.92,10.0,8.0,10.0,17.0,0,
2017-03-12,62,47,60.0,43.0,93.0,77.0,30.3,30.09,10.0,4.0,18.0,31.0,0.01,Rain
2017-02-17,77,50,60.0,41.0,93.0,41.0,29.98,29.73,10.0,10.0,13.0,22.0,0,
2016-06-11,93,76,75.0,72.0,88.0,56.0,30.07,29.92,10.0,5.0,12.0,19.0,0,
2016-02-02,72,51,36.0,23.0,37.0,18.0,29.94,29.68,10.0,5.0,16.0,23.0,0,
2015-05-15,77,67,71.0,65.0,100.0,74.0,30.04,29.86,10.0,1.0,13.0,20.0,0.36,"Rain , Thunderstorm"
2016-07-05,99,79,75.0,73.0,85.0,45.0,30.01,29.88,10.0,7.233009708737864,16.0,26.0,0,
2014-04-22,87,63,63.0,55.0,87.0,35.0,30.03,29.9,10.0,10.0,12.0,20.0,0,
2015-11-09,73,52,55.0,44.0,83.0,49.0,30.19,30.05,10.0,10.0,6.0,9.0,0,
2015-01-03,62,39,43.0,38.0,100.0,48.0,30.13,29.92,10.0,2.0,14.0,24.0,0.76,"Rain , Thunderstorm"
2014-01-28,39,27,19.0,7.0,69.0,27.0,30.51,30.27,10.0,10.0,15.0,23.0,0.05,Rain
2016-05-09,87,67,70.0,64.0,87.0,50.0,29.81,29.69,10.0,7.0,16.0,30.0,0,
2017-02-21,82,52,55.0,37.0,100.0,21.0,30.03,29.92,10.0,9.0,15.0,26.0,0,
2016-04-15,79,54,62.0,53.0,100.0,54.0,29.93,29.78,10.0,4.0,14.0,22.0,0,
2016-10-09,84,58,58.0,41.0,73.0,24.0,30.29,30.16,10.0,10.0,8.0,14.0,0,
2016-05-20,83,62,66.0,60.0,93.0,55.0,30.05,29.91,10.0,5.0,8.0,13.0,0,
2014-06-01,88,71,71.0,63.0,93.0,45.0,29.97,29.83,10.0,2.0,14.0,20.0,0,
2014-02-26,52,36,46.0,21.0,83.0,43.0,30.26,30.06,10.0,2.0,20.0,29.0,0.11,Rain
2014-04-24,88,67,66.0,44.0,87.0,38.0,29.91,29.76,10.0,9.0,16.0,26.0,0,
2015-06-25,93,73,74.0,70.0,100.0,52.0,30.13,29.96,10.0,10.0,12.0,17.0,0,
2013-12-25,58,41,44.0,36.0,86.0,56.0,30.41,30.27,10.0,7.0,10.0,16.0,T,
2017-04-27,86,53,64.0,44.0,84.0,31.0,29.84,29.6,10.0,10.0,15.0,26.0,0,
2016-04-14,77,54,58.0,53.0,100.0,50.0,30.07,29.91,10.0,7.233009708737864,10.0,17.0,0,Fog
2015-06-07,91,70,70.0,64.0,97.0,44.0,29.98,29.89,10.0,10.0,12.0,17.0,0,
2017-07-26,103,78,75.0,61.0,91.0,25.0,30.13,29.93,10.0,10.0,15.0,27.0,T,
2017-01-24,84,50,64.0,36.0,87.0,37.0,29.8,29.61,10.0,10.0,14.0,25.0,0,
2014-10-17,87,61,64.0,54.0,97.0,40.0,29.95,29.86,10.0,10.0,13.0,17.0,0,
2015-08-24,101,76,73.0,62.0,87.0,29.0,30.07,29.94,10.0,10.0,9.0,15.0,0,
2016-01-07,73,49,53.0,46.0,100.0,41.0,29.96,29.81,10.0,7.233009708737864,9.0,13.0,0,Fog
2014-10-04,80,59,53.0,41.0,72.0,29.0,30.23,29.98,10.0,10.0,9.0,14.0,0,
2016-01-08,66,44,57.0,43.0,100.0,72.0,29.86,29.69,10.0,2.0,13.0,18.0,0,Thunderstorm
2015-02-21,78,55,61.0,45.0,87.0,50.0,30.02,29.8,10.0,9.0,14.0,25.0,0,
2015-08-21,92,72,74.0,67.0,93.0,52.0,30.03,29.86,10.0,4.0,14.0,23.0,T,Rain
2016-05-02,70,57,54.0,49.0,80.0,55.0,30.15,29.97,10.0,10.0,15.0,25.0,T,"Rain , Thunderstorm"
2017-07-24,102,76,75.0,56.0,91.0,29.0,30.01,29.89,10.0,9.0,13.0,19.0,0.01,"Rain , Thunderstorm"
2016-07-14,101,77,74.0,71.0,88.0,40.0,30.06,29.87,10.0,10.0,17.0,24.0,0,
2016-07-28,97,75,76.0,71.0,94.0,46.0,30.04,29.92,10.0,8.0,22.0,30.0,0,Thunderstorm
2016-04-11,89,70,71.0,66.0,93.0,55.0,29.98,29.83,10.0,6.0,15.0,26.0,T,
2015-05-11,79,68,73.0,61.0,94.0,62.0,30.11,29.84,10.0,1.0,12.0,20.0,0.4,"Rain , Thunderstorm"
2014-12-12,71,59,58.0,56.0,90.0,66.0,30.3,30.18,10.0,9.0,12.0,17.0,T,Rain
2015-01-24,63,36,41.0,31.0,92.0,32.0,30.28,30.09,10.0,10.0,13.0,21.0,0,
2016-11-10,71,56,58.0,53.0,90.0,53.0,30.34,30.25,10.0,8.0,8.0,12.0,0,
2016-05-03,78,55,51.0,46.0,86.0,33.0,30.14,30.0,10.0,10.0,12.0,19.0,0,
2014-12-08,67,49,49.0,45.0,86.0,52.0,30.39,30.27,10.0,8.0,9.0,14.0,0,
2016-04-13,72,58,61.0,58.0,100.0,66.0,30.09,29.95,10.0,2.0,10.0,20.0,0.4,Rain
2017-04-20,88,70,68.0,65.0,90.0,55.0,30.07,29.91,10.0,10.0,12.0,20.0,0,
2016-12-08,52,36,44.0,20.0,83.0,52.0,30.68,30.27,10.0,9.0,21.0,32.0,0,
2015-11-19,79,46,51.0,41.0,86.0,32.0,30.15,29.97,10.0,10.0,8.0,11.0,0,
2015-09-25,96,72,67.0,60.0,79.0,36.0,30.04,29.93,10.0,10.0,12.0,19.0,T,"Rain , Thunderstorm"
2016-04-05,82,53,55.0,40.0,66.0,33.0,30.22,30.03,10.0,10.0,15.0,25.0,0,
2015-10-19,86,54,53.0,38.0,67.0,25.0,30.27,30.09,10.0,10.0,12.0,18.0,0,
2016-05-25,86,77,77.0,73.0,88.0,74.0,30.03,29.9,10.0,5.0,13.0,22.0,0,
2014-09-07,89,74,74.0,69.0,100.0,55.0,30.09,29.94,10.0,2.0,8.0,13.0,0.22,"Rain , Thunderstorm"
2017-01-01,73,53,60.0,39.0,97.0,43.0,29.93,29.79,10.0,7.233009708737864,7.0,21.37338403041825,0,Fog
2014-11-19,69,33,45.0,23.0,86.0,42.0,30.4,30.17,10.0,10.0,13.0,22.0,0,
2014-05-23,84,71,71.0,62.0,84.0,54.0,30.09,29.96,10.0,7.233009708737864,14.0,20.0,0.19,"Fog , Rain"
2015-01-21,56,50,53.0,42.0,96.0,71.0,30.15,30.03,10.0,1.0,10.0,17.0,0.16,Rain
2016-02-16,82,43,47.0,32.0,71.0,26.0,30.09,29.92,10.0,10.0,12.0,19.0,0,
2015-05-06,87,71,71.0,68.0,93.0,55.0,29.97,29.81,10.0,3.0,14.0,23.0,0.01,Rain
2016-03-16,81,61,67.0,42.0,84.0,37.0,30.02,29.88,10.0,5.0,13.0,17.0,0,
2017-07-07,99,75,74.0,65.0,88.0,33.0,30.13,29.98,10.0,10.0,15.0,27.0,0.02,"Rain , Thunderstorm"
2016-06-14,94,78,76.0,73.0,85.0,56.0,29.93,29.79,10.0,8.0,12.0,21.0,0,
2015-12-12,75,70,70.0,65.0,90.0,79.0,29.84,29.63,10.0,6.0,17.0,29.0,0.01,Rain
2014-12-29,67,30,42.0,29.0,92.0,43.0,30.21,30.06,10.0,10.0,10.0,15.0,0,
2016-04-24,79,63,67.0,58.0,93.0,64.0,29.96,29.78,10.0,10.0,13.0,20.0,T,
2015-08-03,99,75,69.0,60.0,79.0,29.0,29.9,29.82,10.0,10.0,13.0,17.0,0,
2014-10-29,81,65,63.0,60.0,81.0,54.0,30.16,30.06,10.0,10.0,10.0,14.0,0,
2016-03-25,73,41,46.0,39.0,89.0,31.0,30.03,29.83,10.0,10.0,12.0,19.0,0,
2015-08-11,105,75,61.515243902439025,50.93368902439025,87.87243735763099,44.958997722095674,30.112203647416415,29.931892097264434,9.99158377964805,7.233009708737864,13.231586940015186,21.37338403041825,0,
2014-02-01,76,55,62.0,41.0,81.0,60.0,29.91,29.75,10.0,9.0,14.0,26.0,T,Rain
2016-10-12,91,61,72.0,57.0,84.0,47.0,30.11,29.97,10.0,10.0,10.0,17.0,0,
2015-09-27,95,67,67.0,52.0,76.0,24.0,29.94,29.8,10.0,10.0,13.0,22.0,0,
2017-05-01,91,51,56.0,42.0,77.0,23.0,29.99,29.85,10.0,10.0,14.0,23.0,0,
2017-01-20,76,47,55.0,46.0,93.0,38.0,29.84,29.65,10.0,5.0,8.0,11.0,0,
2014-01-18,70,37,41.0,23.0,59.0,31.0,30.26,30.1,10.0,10.0,12.0,19.0,0,
2015-05-27,85,67,75.0,64.0,94.0,69.0,30.1,29.95,10.0,6.0,12.0,18.0,T,"Rain , Thunderstorm"
2017-01-18,56,47,52.0,46.0,100.0,86.0,30.13,29.99,10.0,2.0,9.0,14.0,0.51,"Rain , Thunderstorm"
2016-01-22,54,37,30.0,28.0,70.0,41.0,30.38,30.22,10.0,10.0,18.0,26.0,0,
2017-03-29,84,60,68.0,42.0,100.0,24.0,29.89,29.64,10.0,1.0,15.0,27.0,0.73,"Rain , Thunderstorm"
2014-05-10,91,60,66.0,58.0,97.0,44.0,29.92,29.75,10.0,5.0,16.0,23.0,0,
2017-07-25,103,78,75.0,63.0,91.0,31.0,30.11,29.95,10.0,9.0,15.0,24.0,0,
2015-11-25,74,62,64.0,58.0,93.0,61.0,30.11,30.02,10.0,5.0,14.0,22.0,T,Rain
2016-12-30,55,49,34.0,18.0,48.0,27.0,30.51,30.09,10.0,10.0,12.0,16.0,T,
2017-03-19,85,65,65.0,59.0,93.0,44.0,30.28,30.12,10.0,9.0,12.0,21.0,0,
2015-02-01,73,44,61.0,30.0,100.0,53.0,30.27,29.88,10.0,4.0,17.0,28.0,0.02,Rain
2014-05-28,84,68,68.0,62.0,97.0,51.0,29.94,29.83,10.0,2.0,14.0,22.0,0,
2016-07-22,102,76,73.0,65.0,87.0,31.0,30.08,29.93,10.0,10.0,12.0,17.0,0,
2014-06-07,92,74,72.0,67.0,93.0,49.0,29.97,29.81,10.0,10.0,14.0,26.0,0,
2014-05-06,87,65,64.0,57.0,87.0,45.0,29.87,29.72,10.0,10.0,17.0,29.0,0,
2016-12-12,67,46,52.0,41.0,93.0,52.0,30.12,29.96,10.0,10.0,10.0,17.0,0,
2017-03-21,85,63,63.0,59.0,93.0,47.0,30.14,29.98,10.0,8.0,13.0,23.0,0,
2016-02-11,83,52,47.0,30.0,52.0,20.0,30.17,30.04,10.0,10.0,13.0,20.0,0,
2015-03-11,59,54,51.0,49.0,86.0,72.0,30.26,30.14,10.0,10.0,13.0,20.0,0,
2017-07-20,103,77,75.0,61.0,85.0,27.0,30.12,29.93,10.0,10.0,14.0,22.0,0,
2015-10-21,86,72,70.0,65.0,90.0,51.0,30.13,29.98,10.0,9.0,16.0,24.0,T,Rain
2016-01-03,62,41,43.0,32.0,96.0,43.0,30.36,30.22,10.0,10.0,9.0,14.0,T,Rain
2014-09-19,86,74,75.0,71.0,100.0,69.0,29.95,29.84,10.0,2.0,10.0,14.0,0.13,Rain
2017-05-18,94,73,73.0,65.0,94.0,49.0,29.82,29.66,10.0,5.0,20.0,33.0,T,
2015-05-24,82,64,70.0,63.0,93.0,69.0,29.95,29.81,10.0,5.0,8.0,17.0,0.76,Rain
2016-03-14,92,54,63.0,41.0,73.0,23.0,29.87,29.71,10.0,10.0,14.0,26.0,0,
2016-03-18,79,56,69.0,51.0,100.0,69.0,30.01,29.73,10.0,2.0,17.0,25.0,0.07,"Rain , Thunderstorm"
2015-01-02,43,38,41.0,37.0,100.0,89.0,30.19,29.96,10.0,2.0,12.0,18.0,0.2,"Rain , Thunderstorm"
2015-12-25,70,51,66.0,43.0,93.0,61.0,30.04,29.84,10.0,6.0,9.0,17.0,0,
2015-05-03,84,58,62.0,55.0,93.0,40.0,30.03,29.93,10.0,10.0,15.0,23.0,0,
2015-08-27,98,74,72.0,56.0,87.0,25.0,30.07,29.94,10.0,10.0,12.0,18.0,0,
2017-05-19,95,75,71.0,67.0,87.0,41.0,29.81,29.68,10.0,10.0,18.0,28.0,0,
2017-07-19,101,77,74.0,63.0,88.0,31.0,30.17,29.99,10.0,10.0,18.0,29.0,0,
2017-02-23,90,55,60.0,42.0,73.0,26.0,29.73,29.52,10.0,10.0,15.0,25.0,0,
2016-10-16,94,75,72.0,64.0,87.0,44.0,30.04,29.85,10.0,10.0,14.0,20.0,0,
2017-07-15,103,71,73.0,63.0,100.0,29.0,30.07,29.94,10.0,2.0,23.0,35.0,0.16,"Rain , Thunderstorm"
2015-10-28,82,58,54.0,45.0,78.0,28.0,29.91,29.77,10.0,10.0,18.0,31.0,0,
2016-11-09,65,60,62.0,58.0,100.0,87.0,30.29,30.18,10.0,1.0,10.0,17.0,0.17,Rain
2014-03-28,89,63,67.0,49.0,90.0,37.0,30.0,29.7,10.0,2.0,18.0,27.0,0,Thunderstorm
2015-10-14,96,60,49.0,35.0,60.0,12.0,30.1,29.98,10.0,5.0,9.0,15.0,0,
2014-04-28,93,66,69.0,25.0,67.0,10.0,29.7,29.55,10.0,7.0,14.0,22.0,0,
2016-05-29,88,70,74.0,66.0,100.0,55.0,30.09,29.95,10.0,3.0,14.0,21.0,0.18,"Rain , Thunderstorm"
2017-03-11,66,61,64.0,59.0,100.0,87.0,30.14,30.01,10.0,1.0,9.0,15.0,0.73,Rain
2016-04-28,87,63,73.0,56.0,93.0,48.0,29.88,29.72,10.0,2.0,15.0,25.0,T,
2015-09-04,100,75,74.0,66.0,88.0,35.0,29.97,29.83,10.0,10.0,14.0,23.0,0,
2015-06-18,90,73,75.0,70.0,100.0,64.0,30.02,29.89,10.0,7.0,12.0,21.0,0,Thunderstorm
2015-01-04,51,35,41.0,22.0,100.0,38.0,30.69,30.16,10.0,10.0,16.0,26.0,0,
2015-11-24,64,47,58.0,42.0,80.0,67.0,30.24,30.07,10.0,10.0,9.0,16.0,0,
2016-07-09,99,78,76.0,69.0,91.0,39.0,30.07,29.89,10.0,8.0,13.0,23.0,0,
2014-07-12,98,71,71.0,56.0,93.0,25.0,30.19,30.01,10.0,7.0,13.0,20.0,0,
2014-11-29,73,56,61.0,52.0,93.0,57.0,30.07,29.95,10.0,10.0,16.0,31.0,0,
2017-01-27,58,38,30.0,21.0,70.0,26.0,30.42,30.29,10.0,10.0,13.0,19.0,0,
2015-10-06,90,63,56.0,49.0,63.0,24.0,30.15,30.01,10.0,10.0,8.0,12.0,0,
2017-05-05,86,55,48.0,38.0,67.0,20.0,30.11,29.93,10.0,10.0,13.0,20.0,0,
2015-05-23,87,66,74.0,66.0,100.0,65.0,30.11,29.9,10.0,7.233009708737864,18.0,32.0,1.41,"Fog , Rain , Thunderstorm"
2016-06-26,95,76,76.0,69.0,100.0,46.0,30.15,29.99,10.0,5.0,13.0,19.0,0,
2016-02-08,65,46,33.0,14.0,58.0,15.0,30.45,30.21,10.0,10.0,17.0,29.0,0,
2014-08-12,100,73,73.0,53.0,94.0,29.0,30.05,29.92,10.0,10.0,12.0,17.0,0,
2015-04-23,85,68,72.0,66.0,100.0,69.0,29.94,29.82,10.0,1.0,10.0,16.0,0,
2014-08-15,101,75,74.0,60.0,88.0,27.0,30.05,29.82,10.0,10.0,13.0,19.0,0,
2015-06-23,92,75,76.0,71.0,94.0,52.0,30.18,30.04,10.0,10.0,13.0,20.0,0,Thunderstorm
2016-09-04,93,75,75.0,71.0,94.0,52.0,30.04,29.89,10.0,6.0,13.0,19.0,0.01,"Rain , Thunderstorm"
2015-01-25,73,40,40.0,29.0,85.0,20.0,30.2,30.02,10.0,10.0,13.0,20.0,0,
2016-06-03,85,65,70.0,63.0,93.0,55.0,29.95,29.8,10.0,1.0,10.0,16.0,1.61,"Rain , Thunderstorm"
2015-07-14,97,74,72.0,62.0,87.0,34.0,29.94,29.81,10.0,10.0,10.0,18.0,0,
2016-06-25,88,77,78.0,72.0,94.0,68.0,30.09,29.99,10.0,7.0,10.0,16.0,0.02,"Rain , Thunderstorm"
2014-08-10,101,77,74.0,61.0,88.0,27.0,30.01,29.87,10.0,10.0,13.0,19.0,0,
2016-02-23,61,47,58.0,36.0,93.0,59.0,30.06,29.59,10.0,1.0,23.0,37.0,1.33,"Rain , Thunderstorm"
2015-11-03,80,57,62.0,55.0,100.0,47.0,30.08,29.95,10.0,7.233009708737864,10.0,14.0,0,Fog
2015-03-08,54,47,51.0,37.0,100.0,38.0,30.29,30.06,10.0,1.0,12.0,16.0,0.45,Rain
2017-05-16,86,70,69.0,65.0,90.0,57.0,29.89,29.7,10.0,10.0,20.0,32.0,0,
2015-12-09,76,47,50.0,41.0,93.0,29.0,30.07,29.92,10.0,8.0,8.0,13.0,0,
2016-02-25,69,38,34.0,27.0,79.0,26.0,30.44,30.21,10.0,10.0,13.0,19.0,0,
2014-03-29,77,51,48.0,30.0,68.0,18.0,30.28,30.04,10.0,10.0,13.0,21.0,0,
2015-05-19,89,74,75.0,69.0,87.0,59.0,30.06,29.86,10.0,5.0,17.0,28.0,T,Rain
2017-07-16,99,68,71.0,65.0,100.0,33.0,29.99,29.84,10.0,6.0,12.0,24.0,0,
2015-05-16,87,67,73.0,65.0,97.0,61.0,29.91,29.77,10.0,6.0,18.0,30.0,0,
2014-04-12,85,65,63.0,60.0,87.0,44.0,29.99,29.8,10.0,9.0,20.0,30.0,0,
2017-06-06,92,70,70.0,60.0,97.0,36.0,29.88,29.78,10.0,10.0,14.0,25.0,0,
2014-07-26,98,76,74.0,67.0,94.0,38.0,30.01,29.88,10.0,8.0,15.0,25.0,0,
2014-12-16,63,46,36.0,32.0,60.0,34.0,30.37,30.19,10.0,10.0,14.0,20.0,0,
2015-07-02,91,70,73.0,69.0,100.0,56.0,30.04,29.91,10.0,6.0,16.0,29.0,T,
2015-05-04,84,66,66.0,59.0,93.0,49.0,30.1,29.96,10.0,4.0,16.0,26.0,0,
2017-07-01,98,79,76.0,66.0,85.0,38.0,30.13,29.92,10.0,6.0,15.0,24.0,T,
2016-07-12,100,77,74.0,69.0,88.0,39.0,29.96,29.87,10.0,10.0,17.0,28.0,0,
2014-08-03,94,71,69.0,65.0,84.0,39.0,30.08,29.92,10.0,9.0,13.0,19.0,0,
2017-01-26,59,40,30.0,24.0,64.0,28.0,30.37,30.17,10.0,10.0,10.0,14.0,0,
2017-04-30,78,52,54.0,35.0,63.0,22.0,29.98,29.81,10.0,7.0,18.0,33.0,0.05,"Rain , Thunderstorm"
2015-01-22,52,41,51.0,38.0,100.0,82.0,30.27,29.98,10.0,1.0,20.0,32.0,2.07,Rain
2015-06-14,86,72,76.0,71.0,100.0,74.0,29.94,29.84,10.0,7.233009708737864,13.0,22.0,1.34,"Fog , Rain , Thunderstorm"
2014-11-14,45,30,23.0,12.0,58.0,30.0,30.5,30.3,10.0,10.0,8.0,11.0,0,
2016-02-24,65,42,38.0,23.0,76.0,21.0,30.28,30.06,10.0,10.0,18.0,28.0,0,
2016-04-17,78,64,71.0,63.0,97.0,82.0,29.99,29.85,10.0,7.233009708737864,16.0,25.0,1.34,"Fog , Rain , Thunderstorm"
2017-06-13,98,76,73.0,68.0,88.0,38.0,29.94,29.8,10.0,10.0,18.0,27.0,0,
2014-03-24,66,50,47.0,38.0,72.0,44.0,30.24,30.03,10.0,10.0,10.0,15.0,0,
2014-07-22,96,76,74.0,68.0,94.0,42.0,30.08,29.95,10.0,8.0,8.0,14.0,0,
2016-01-30,77,46,56.0,39.0,84.0,33.0,29.94,29.79,10.0,10.0,14.0,25.0,0,
2014-11-23,81,53,57.0,39.0,100.0,23.0,29.84,29.51,10.0,10.0,16.0,27.0,0,
2016-03-03,83,62,64.0,33.0,87.0,18.0,30.13,29.83,10.0,9.0,17.0,28.0,0,
2014-07-21,96,77,76.0,70.0,94.0,46.0,30.05,29.9,10.0,5.0,10.0,20.0,0,
2015-08-31,97,74,72.0,61.0,87.0,30.0,30.06,29.9,10.0,10.0,16.0,24.0,0,
2014-01-26,76,43,45.0,33.0,76.0,27.0,30.0,29.69,10.0,10.0,12.0,20.0,0,
2014-04-05,65,54,46.0,33.0,60.0,36.0,30.08,29.88,10.0,10.0,10.0,17.0,T,
2014-12-18,60,49,56.0,48.0,100.0,84.0,30.14,30.06,10.0,1.0,12.0,17.0,T,
2016-04-19,81,62,67.0,61.0,100.0,58.0,30.12,29.94,10.0,1.0,8.0,13.0,0,
2016-01-16,64,43,43.0,33.0,76.0,46.0,30.19,29.78,10.0,10.0,20.0,29.0,T,Rain
2016-01-18,59,36,38.0,33.0,92.0,47.0,30.42,30.25,10.0,10.0,8.0,12.0,0,
2014-12-21,56,50,52.0,46.0,93.0,72.0,30.18,29.85,10.0,5.0,10.0,20.0,0,
2016-04-25,88,70,73.0,67.0,93.0,59.0,29.85,29.66,10.0,6.0,15.0,25.0,0,Thunderstorm
2017-01-08,53,21,32.0,11.0,81.0,19.0,30.78,30.49,10.0,10.0,14.0,22.0,0,
2017-07-28,105,76,71.0,55.0,87.0,20.0,29.97,29.81,10.0,10.0,14.0,20.0,0,
2015-07-09,93,76,74.0,66.0,88.0,41.0,30.09,29.97,10.0,6.0,16.0,24.0,0,
2014-08-27,98,76,72.0,56.0,87.0,29.0,30.06,29.88,10.0,10.0,10.0,17.0,0,
2015-04-11,70,59,66.0,53.0,100.0,72.0,30.12,29.96,10.0,1.0,7.0,12.0,T,Rain
2016-02-10,74,38,36.0,30.0,82.0,25.0,30.41,30.17,10.0,10.0,9.0,16.0,0,
2015-03-20,71,57,67.0,55.0,93.0,84.0,30.15,29.98,10.0,7.233009708737864,15.0,22.0,1.17,"Fog , Rain"
